plate,row,col,date,Metadata_Experiment,Metadata_Magnification,condition,assay,strain,trait,phenotype,.std.resid,control
p01,A,3,20201125,DMSOA,2X,DMSO,A,tN2,median_wormlength_um,-10.786490455206149,-0.17171689889714106,None
p01,A,4,20201125,DMSOA,2X,DMSO,A,tbb1del,median_wormlength_um,58.29773681207985,0.928078193705876,None
p01,A,5,20201125,DMSOA,2X,DMSO,A,ben1tbb1del,median_wormlength_um,42.85733138897069,0.6822727069276417,None
p01,A,6,20201125,DMSOA,2X,DMSO,A,b1del,median_wormlength_um,67.57184430319023,1.075718520745204,None
p01,A,9,20201125,DMSOA,2X,DMSO,A,tN2,median_wormlength_um,-46.34265422807994,-0.7377577446303729,None
p01,A,10,20201125,DMSOA,2X,DMSO,A,tbb1del,median_wormlength_um,25.83203944615707,0.41123641876887485,None
p01,A,11,20201125,DMSOA,2X,DMSO,A,ben1tbb1del,median_wormlength_um,75.39473857338817,1.2002560753888936,None
p01,A,12,20201125,DMSOA,2X,DMSO,A,b1del,median_wormlength_um,22.376267960325436,0.35622182757180226,None
p01,B,4,20201125,DMSOA,2X,DMSO,A,tbb1del,median_wormlength_um,58.00169727984155,0.9233653549343267,None
p01,B,5,20201125,DMSOA,2X,DMSO,A,ben1tbb1del,median_wormlength_um,55.40728407031338,0.8820632657471045,None
p01,B,6,20201125,DMSOA,2X,DMSO,A,b1del,median_wormlength_um,57.23679001923131,0.9111883170663213,None
p01,B,9,20201125,DMSOA,2X,DMSO,A,tN2,median_wormlength_um,1.900076890281298,0.030248514344889847,None
p01,B,10,20201125,DMSOA,2X,DMSO,A,tbb1del,median_wormlength_um,38.94172543566606,0.6199377227734321,None
p01,B,11,20201125,DMSOA,2X,DMSO,A,ben1tbb1del,median_wormlength_um,48.46876999240146,0.7716047134161779,None
p01,B,12,20201125,DMSOA,2X,DMSO,A,b1del,median_wormlength_um,45.20346817944164,0.7196223282638176,None
p01,C,3,20201125,DMSOA,2X,DMSO,A,tN2,median_wormlength_um,-46.91191534345512,-0.7468201689472455,None
p01,C,4,20201125,DMSOA,2X,DMSO,A,tbb1del,median_wormlength_um,67.49053245270716,1.0744240664584712,None
p01,C,5,20201125,DMSOA,2X,DMSO,A,ben1tbb1del,median_wormlength_um,50.905984074698836,0.810404251217524,None
p01,C,6,20201125,DMSOA,2X,DMSO,A,b1del,median_wormlength_um,61.91573525010244,0.9856753773841774,None
p01,C,10,20201125,DMSOA,2X,DMSO,A,tbb1del,median_wormlength_um,41.29912122790006,0.6574665832120274,None
p01,C,11,20201125,DMSOA,2X,DMSO,A,ben1tbb1del,median_wormlength_um,44.03815436025786,0.7010709675498532,None
p01,C,12,20201125,DMSOA,2X,DMSO,A,b1del,median_wormlength_um,50.3377385293885,0.8013579943967313,None
p01,D,4,20201125,DMSOA,2X,DMSO,A,tbb1del,median_wormlength_um,39.12438138458401,0.6228455372515113,None
p01,D,5,20201125,DMSOA,2X,DMSO,A,ben1tbb1del,median_wormlength_um,64.41181760198049,1.0254120760477905,None
p01,D,6,20201125,DMSOA,2X,DMSO,A,b1del,median_wormlength_um,70.17751396728977,1.1171998084845038,None
p01,D,9,20201125,DMSOA,2X,DMSO,A,tN2,median_wormlength_um,-46.28656411234124,-0.7368648109395277,None
p01,D,10,20201125,DMSOA,2X,DMSO,A,tbb1del,median_wormlength_um,38.07244317161985,0.606099073838617,None
p01,D,11,20201125,DMSOA,2X,DMSO,A,ben1tbb1del,median_wormlength_um,52.3789971274565,0.833854068793038,None
p01,D,12,20201125,DMSOA,2X,DMSO,A,b1del,median_wormlength_um,46.74453915523418,0.7441556025519169,None
p01,E,3,20201125,DMSOA,2X,DMSO,A,tN2,median_wormlength_um,-5.5349874785538304,-0.08811493313779302,None
p01,E,4,20201125,DMSOA,2X,DMSO,A,tbb1del,median_wormlength_um,48.3546733317836,0.769788337198428,None
p01,E,5,20201125,DMSOA,2X,DMSO,A,ben1tbb1del,median_wormlength_um,33.21030744091172,0.5286956891917249,None
p01,E,6,20201125,DMSOA,2X,DMSO,A,b1del,median_wormlength_um,39.60622739593509,0.6305163457650668,None
p01,E,9,20201125,DMSOA,2X,DMSO,A,tN2,median_wormlength_um,18.515921036520695,0.2947665465259589,None
p01,E,10,20201125,DMSOA,2X,DMSO,A,tbb1del,median_wormlength_um,34.39732297343937,0.547592533075738,None
p01,E,11,20201125,DMSOA,2X,DMSO,A,ben1tbb1del,median_wormlength_um,60.08485591887461,0.9565284623315956,None
p01,E,12,20201125,DMSOA,2X,DMSO,A,b1del,median_wormlength_um,53.24674459411324,0.8476682843267158,None
p01,F,3,20201125,DMSOA,2X,DMSO,A,tN2,median_wormlength_um,-42.07664045520528,-0.6698443988787797,None
p01,F,4,20201125,DMSOA,2X,DMSO,A,tbb1del,median_wormlength_um,37.571029018009085,0.598116747809706,None
p01,F,5,20201125,DMSOA,2X,DMSO,A,ben1tbb1del,median_wormlength_um,43.382279866933345,0.6906296906092999,None
p01,F,6,20201125,DMSOA,2X,DMSO,A,b1del,median_wormlength_um,42.43314867436095,0.6755198765588507,None
p01,F,10,20201125,DMSOA,2X,DMSO,A,tbb1del,median_wormlength_um,45.97375171110957,0.731884954358827,None
p01,F,11,20201125,DMSOA,2X,DMSO,A,ben1tbb1del,median_wormlength_um,44.447385014889505,0.7075857667089337,None
p01,F,12,20201125,DMSOA,2X,DMSO,A,b1del,median_wormlength_um,32.53247203618844,0.5179048027449089,None
p01,G,3,20201125,DMSOA,2X,DMSO,A,tN2,median_wormlength_um,-33.53975511496401,-0.5339403731018456,None
p01,G,4,20201125,DMSOA,2X,DMSO,A,tbb1del,median_wormlength_um,44.15306731105761,0.70290033880238445,None
p01,G,5,20201125,DMSOA,2X,DMSO,A,ben1tbb1del,median_wormlength_um,31.377860126640712,0.49952381243479493,None
p01,G,6,20201125,DMSOA,2X,DMSO,A,b1del,median_wormlength_um,46.67597986693329,0.7430641642915748,None
p01,G,10,20201125,DMSOA,2X,DMSO,A,tbb1del,median_wormlength_um,44.97437919708818,0.7159753172378857,None
p01,G,11,20201125,DMSOA,2X,DMSO,A,ben1tbb1del,median_wormlength_um,13.248309759524318,0.21090814264214247,None
p01,G,12,20201125,DMSOA,2X,DMSO,A,b1del,median_wormlength_um,15.817263600175352,0.25180492818684846,None
p01,H,4,20201125,DMSOA,2X,DMSO,A,tbb1del,median_wormlength_um,51.220382329161,0.8154093539892852,None
p01,H,5,20201125,DMSOA,2X,DMSO,A,ben1tbb1del,median_wormlength_um,55.87491769763267,0.8895078184157205,None
p01,H,6,20201125,DMSOA,2X,DMSO,A,b1del,median_wormlength_um,61.21507507732167,0.974521129155774,None
p01,H,10,20201125,DMSOA,2X,DMSO,A,tbb1del,median_wormlength_um,40.69385054741667,0.6478309000695253,None
p01,H,11,20201125,DMSOA,2X,DMSO,A,ben1tbb1del,median_wormlength_um,40.653689446156704,0.6471915503391105,None
p01,H,12,20201125,DMSOA,2X,DMSO,A,b1del,median_wormlength_um,29.416597308071687,0.4683012409667548,None
p02,A,3,20201125,DMSOAflip,2X,DMSO,A,tN2,median_wormlength_um,7.64656217481263,0.12173041355166145,None
p02,A,4,20201125,DMSOAflip,2X,DMSO,A,tbb1del,median_wormlength_um,-46.8315931409345,-0.7455414694864051,None
p02,A,5,20201125,DMSOAflip,2X,DMSO,A,ben1tbb1del,median_wormlength_um,-59.96085576861719,-0.9545544262580953,None
p02,A,6,20201125,DMSOAflip,2X,DMSO,A,b1del,median_wormlength_um,-30.35550464094615,-0.48324829498979427,None
p02,A,9,20201125,DMSOAflip,2X,DMSO,A,tN2,median_wormlength_um,23.66024096819376,0.37666219824606656,None
p02,A,10,20201125,DMSOAflip,2X,DMSO,A,tbb1del,median_wormlength_um,-34.86733450190172,-0.555074941042313,None
p02,A,11,20201125,DMSOAflip,2X,DMSO,A,ben1tbb1del,median_wormlength_um,-15.230490164282742,-0.2424637142688273,None
p02,A,12,20201125,DMSOAflip,2X,DMSO,A,b1del,median_wormlength_um,5.585052069453241,0.08891194272395624,None
p02,B,3,20201125,DMSOAflip,2X,DMSO,A,tN2,median_wormlength_um,26.0948229968609,0.41541983473678784,None
p02,B,4,20201125,DMSOAflip,2X,DMSO,A,tbb1del,median_wormlength_um,-39.64530910361327,-0.6311385119528473,None
p02,B,5,20201125,DMSOAflip,2X,DMSO,A,ben1tbb1del,median_wormlength_um,-46.826216869877385,-0.7454558812594102,None
p02,B,6,20201125,DMSOAflip,2X,DMSO,A,b1del,median_wormlength_um,-16.00127760840701,-0.25473436246191183,None
p02,B,9,20201125,DMSOAflip,2X,DMSO,A,tN2,median_wormlength_um,17.948903524068783,0.2857398395295569,None
p02,B,10,20201125,DMSOAflip,2X,DMSO,A,tbb1del,median_wormlength_um,-113.14534705777692,-1.8012316612238408,None
p02,B,11,20201125,DMSOAflip,2X,DMSO,A,ben1tbb1del,median_wormlength_um,-112.78541143099858,-1.7955016204946843,None
p02,B,12,20201125,DMSOAflip,2X,DMSO,A,b1del,median_wormlength_um,-5.8475084382499745,-0.09309015007811759,None
p02,C,3,20201125,DMSOAflip,2X,DMSO,A,tN2,median_wormlength_um,28.31215884714186,0.45071899321701486,None
p02,C,4,20201125,DMSOAflip,2X,DMSO,A,tbb1del,median_wormlength_um,-56.30478268894217,-0.8963511085070259,None
p02,C,5,20201125,DMSOAflip,2X,DMSO,A,ben1tbb1del,median_wormlength_um,-79.24952739367689,-1.2616228735029125,None
p02,C,6,20201125,DMSOAflip,2X,DMSO,A,b1del,median_wormlength_um,2.5905421318857407,0.0412404630771467,None
p02,C,9,20201125,DMSOAflip,2X,DMSO,A,tN2,median_wormlength_um,32.39104125911604,0.5156532776034976,None
p02,C,10,20201125,DMSOAflip,2X,DMSO,A,tbb1del,median_wormlength_um,-6.539865538726303,-0.10411221649693622,None
p02,C,11,20201125,DMSOAflip,2X,DMSO,A,ben1tbb1del,median_wormlength_um,-54.68927224133472,-0.8706327856335054,None
p02,C,12,20201125,DMSOAflip,2X,DMSO,A,b1del,median_wormlength_um,12.683200180301128,0.20191180923005872,None
p02,D,3,20201125,DMSOAflip,2X,DMSO,A,tN2,median_wormlength_um,38.98188653692603,0.6205770725038467,None
p02,D,4,20201125,DMSOAflip,2X,DMSO,A,tbb1del,median_wormlength_um,-56.25349845691949,-0.895534682689766,None
p02,D,5,20201125,DMSOAflip,2X,DMSO,A,ben1tbb1del,median_wormlength_um,-67.16184408551067,-1.0691914704298557,None
p02,D,6,20201125,DMSOAflip,2X,DMSO,A,b1del,median_wormlength_um,-21.05298545086339,-0.3351556643157011,None
p02,D,9,20201125,DMSOAflip,2X,DMSO,A,tN2,median_wormlength_um,28.512151129263884,0.4539027956439468,None
p02,D,10,20201125,DMSOAflip,2X,DMSO,A,tbb1del,median_wormlength_um,-38.16500929937888,-0.6075726920156926,None
p02,D,11,20201125,DMSOAflip,2X,DMSO,A,ben1tbb1del,median_wormlength_um,-60.43438414355785,-0.9620928211069391,None
p02,D,12,20201125,DMSOAflip,2X,DMSO,A,b1del,median_wormlength_um,-59.275766798070435,-0.9436480657528424,None
p02,E,3,20201125,DMSOAflip,2X,DMSO,A,tN2,median_wormlength_um,49.10538022527794,0.7817393105263061,None
p02,E,4,20201125,DMSOAflip,2X,DMSO,A,tbb1del,median_wormlength_um,-28.946167656724583,-0.4608121766400284,None
p02,E,5,20201125,DMSOAflip,2X,DMSO,A,ben1tbb1del,median_wormlength_um,-0.8598530828878665,-0.013688539892916539,None
p02,E,6,20201125,DMSOAflip,2X,DMSO,A,b1del,median_wormlength_um,18.28338232916076,0.29106461716652265,None
p02,E,9,20201125,DMSOAflip,2X,DMSO,A,tN2,median_wormlength_um,16.410773913630237,0.2612533906791852,None
p02,E,10,20201125,DMSOAflip,2X,DMSO,A,tbb1del,median_wormlength_um,-46.81495786811411,-0.7452766421569887,None
p02,E,12,20201125,DMSOAflip,2X,DMSO,A,b1del,median_wormlength_um,7.506139222655065,0.1194949326064347,None
p02,F,3,20201125,DMSOAflip,2X,DMSO,A,tN2,median_wormlength_um,40.68796781671176,0.6477372491941187,None
p02,F,4,20201125,DMSOAflip,2X,DMSO,A,tbb1del,median_wormlength_um,-31.162278772100308,-0.4960918377980475,None
p02,F,5,20201125,DMSOAflip,2X,DMSO,A,ben1tbb1del,median_wormlength_um,-74.49700961365284,-1.1859645656845867,None
p02,F,6,20201125,DMSOAflip,2X,DMSO,A,b1del,median_wormlength_um,-9.074541008821939,-0.1444633031866286,None
p02,F,9,20201125,DMSOAflip,2X,DMSO,A,tN2,median_wormlength_um,44.278422973439206,0.7048959541225629,None
p02,F,10,20201125,DMSOAflip,2X,DMSO,A,tbb1del,median_wormlength_um,-11.109206346077599,-0.17685441533362767,None
p02,F,11,20201125,DMSOAflip,2X,DMSO,A,ben1tbb1del,median_wormlength_um,-20.990306346077887,-0.33415783638045987,None
p02,F,12,20201125,DMSOAflip,2X,DMSO,A,b1del,median_wormlength_um,20.6407781213951,0.3285934776051235,None
p02,G,3,20201125,DMSOAflip,2X,DMSO,A,tN2,median_wormlength_um,30.82451346163657,0.4907147402231986,None
p02,G,4,20201125,DMSOAflip,2X,DMSO,A,tbb1del,median_wormlength_um,-82.46878537467114,-1.3128722580494405,None
p02,G,5,20201125,DMSOAflip,2X,DMSO,A,ben1tbb1del,median_wormlength_um,-44.463296159182164,-0.7078390661826718,None
p02,G,6,20201125,DMSOAflip,2X,DMSO,A,b1del,median_wormlength_um,-9.037501309542677,-0.1438736450097886,None
p02,G,9,20201125,DMSOAflip,2X,DMSO,A,tN2,median_wormlength_um,34.9942760175129,0.5570958025535374,None
p02,G,10,20201125,DMSOAflip,2X,DMSO,A,tbb1del,median_wormlength_um,-39.52532971229016,-0.6292284848596854,None
p02,G,11,20201125,DMSOAflip,2X,DMSO,A,ben1tbb1del,median_wormlength_um,-75.14244139539687,-1.1962395985575145,None
p02,G,12,20201125,DMSOAflip,2X,DMSO,A,b1del,median_wormlength_um,2.5739068590651186,0.04097563574772678,None
p02,H,3,20201125,DMSOAflip,2X,DMSO,A,tN2,median_wormlength_um,34.27784749457237,0.5456905280806477,None
p02,H,4,20201125,DMSOAflip,2X,DMSO,A,tbb1del,median_wormlength_um,-74.11334581254846,-1.179856781283503,None
p02,H,5,20201125,DMSOAflip,2X,DMSO,A,ben1tbb1del,median_wormlength_um,-48.71251919287647,-0.7754851096384706,None
p02,H,6,20201125,DMSOAflip,2X,DMSO,A,b1del,median_wormlength_um,20.560455918874823,0.32731477814428855,None
p02,H,9,20201125,DMSOAflip,2X,DMSO,A,tN2,median_wormlength_um,31.380443679748623,0.499564941635221,None
p02,H,10,20201125,DMSOAflip,2X,DMSO,A,tbb1del,median_wormlength_um,-55.9252704239899,-0.8903094150107328,None
p02,H,12,20201125,DMSOAflip,2X,DMSO,A,b1del,median_wormlength_um,23.143610126640624,0.36843762822910386,None
p03,A,3,20201125,ABZA,2X,ABZ,A,tN2,median_wormlength_um,-102.75254168399965,-0.7729950325027573,DMSO
p03,A,4,20201125,ABZA,2X,ABZ,A,tbb1del,median_wormlength_um,-158.8038752186544,-1.194662484006739,DMSO
p03,A,5,20201125,ABZA,2X,ABZ,A,ben1tbb1del,median_wormlength_um,83.99525773415496,0.6318862377338584,DMSO
p03,A,6,20201125,ABZA,2X,ABZ,A,b1del,median_wormlength_um,150.06905541554227,1.1289514835102379,DMSO
p03,A,9,20201125,ABZA,2X,ABZ,A,tN2,median_wormlength_um,-80.34744973680085,-0.6044442162006883,DMSO
p03,A,10,20201125,ABZA,2X,ABZ,A,tbb1del,median_wormlength_um,-178.31372673331794,-1.341432754197031,DMSO
p03,A,11,20201125,ABZA,2X,ABZ,A,ben1tbb1del,median_wormlength_um,116.13307210298979,0.8736551561028433,DMSO
p03,A,12,20201125,ABZA,2X,ABZ,A,b1del,median_wormlength_um,128.86223800263338,0.9694151426400959,DMSO
p03,B,3,20201125,ABZA,2X,ABZ,A,tN2,median_wormlength_um,-81.18295029695707,-0.6107295865873423,DMSO
p03,B,4,20201125,ABZA,2X,ABZ,A,tbb1del,median_wormlength_um,-170.0280566302955,-1.2791006529601574,DMSO
p03,B,5,20201125,ABZA,2X,ABZ,A,ben1tbb1del,median_wormlength_um,98.33109796843189,0.739733042360142,DMSO
p03,B,6,20201125,ABZA,2X,ABZ,A,b1del,median_wormlength_um,169.5983895343992,1.2758683189924127,DMSO
p03,B,9,20201125,ABZA,2X,ABZ,A,tN2,median_wormlength_um,-83.39581468309666,-0.6273766996422069,DMSO
p03,B,10,20201125,ABZA,2X,ABZ,A,tbb1del,median_wormlength_um,-164.34908112758376,-1.2363784021879924,DMSO
p03,B,11,20201125,ABZA,2X,ABZ,A,ben1tbb1del,median_wormlength_um,123.63081557661144,0.9300597799214303,DMSO
p03,B,12,20201125,ABZA,2X,ABZ,A,b1del,median_wormlength_um,145.74209373243502,1.096400270352339,DMSO
p03,C,3,20201125,ABZA,2X,ABZ,A,tN2,median_wormlength_um,-81.39197042167007,-0.6123020198862981,DMSO
p03,C,4,20201125,ABZA,2X,ABZ,A,tbb1del,median_wormlength_um,-160.41330042256743,-1.2067699965550285,DMSO
p03,C,5,20201125,ABZA,2X,ABZ,A,ben1tbb1del,median_wormlength_um,95.080317851225,0.7152778138939928,DMSO
p03,C,6,20201125,ABZA,2X,ABZ,A,b1del,median_wormlength_um,179.07868400082714,1.3471874358639861,DMSO
p03,C,9,20201125,ABZA,2X,ABZ,A,tN2,median_wormlength_um,-85.67790153366366,-0.6445445649846843,DMSO
p03,C,10,20201125,ABZA,2X,ABZ,A,tbb1del,median_wormlength_um,-197.21406199736737,-1.4836177068250433,DMSO
p03,C,11,20201125,ABZA,2X,ABZ,A,ben1tbb1del,median_wormlength_um,110.34172176806783,0.8300875229619972,DMSO
p03,C,12,20201125,ABZA,2X,ABZ,A,b1del,median_wormlength_um,167.53065599738886,1.2603130078881495,DMSO
p03,D,3,20201125,ABZA,2X,ABZ,A,tN2,median_wormlength_um,-86.59255720775559,-0.6514254097884838,DMSO
p03,D,4,20201125,ABZA,2X,ABZ,A,tbb1del,median_wormlength_um,-233.91448208429415,-1.7597105601308538,DMSO
p03,D,5,20201125,ABZA,2X,ABZ,A,ben1tbb1del,median_wormlength_um,105.4972929592094,0.7936434667548304,DMSO
p03,D,6,20201125,ABZA,2X,ABZ,A,b1del,median_wormlength_um,174.23316822807033,1.310735202557935,DMSO
p03,D,9,20201125,ABZA,2X,ABZ,A,tN2,median_wormlength_um,-61.373176366202415,-0.4617030360756394,DMSO
p03,D,10,20201125,ABZA,2X,ABZ,A,tbb1del,median_wormlength_um,-180.27740989348456,-1.3562053068107298,DMSO
p03,D,11,20201125,ABZA,2X,ABZ,A,ben1tbb1del,median_wormlength_um,118.82150142250634,0.8938798870453843,DMSO
p03,D,12,20201125,ABZA,2X,ABZ,A,b1del,median_wormlength_um,149.64106441291904,1.125731758590916,DMSO
p03,E,3,20201125,ABZA,2X,ABZ,A,tN2,median_wormlength_um,-73.73027816745105,-0.5546640290783436,DMSO
p03,E,4,20201125,ABZA,2X,ABZ,A,tbb1del,median_wormlength_um,-141.0272470466856,-1.060931044897019,DMSO
p03,E,5,20201125,ABZA,2X,ABZ,A,ben1tbb1del,median_wormlength_um,95.52735245135068,0.7186408015105593,DMSO
p03,E,6,20201125,ABZA,2X,ABZ,A,b1del,median_wormlength_um,154.67025425184931,1.1635657498410996,DMSO
p03,E,9,20201125,ABZA,2X,ABZ,A,tN2,median_wormlength_um,-70.11575413545165,-0.5274723988197946,DMSO
p03,E,10,20201125,ABZA,2X,ABZ,A,tbb1del,median_wormlength_um,-217.63832905193186,-1.6372670153184703,DMSO
p03,E,11,20201125,ABZA,2X,ABZ,A,ben1tbb1del,median_wormlength_um,114.98520984680931,0.8650199261855759,DMSO
p03,E,12,20201125,ABZA,2X,ABZ,A,b1del,median_wormlength_um,169.0805459748566,1.2719726440769343,DMSO
p03,F,3,20201125,ABZA,2X,ABZ,A,tN2,median_wormlength_um,-82.2655955246496,-0.6188741966305943,DMSO
p03,F,4,20201125,ABZA,2X,ABZ,A,tbb1del,median_wormlength_um,-166.02243745575186,-1.248966860907184,DMSO
p03,F,5,20201125,ABZA,2X,ABZ,A,ben1tbb1del,median_wormlength_um,73.91436005276853,0.5560488549969297,DMSO
p03,F,6,20201125,ABZA,2X,ABZ,A,b1del,median_wormlength_um,148.56764162855313,1.1176565278813737,DMSO
p03,F,9,20201125,ABZA,2X,ABZ,A,tN2,median_wormlength_um,-80.44907722485698,-0.6052087475898457,DMSO
p03,F,10,20201125,ABZA,2X,ABZ,A,tbb1del,median_wormlength_um,-234.12690960256162,-1.7613086268423581,DMSO
p03,F,11,20201125,ABZA,2X,ABZ,A,ben1tbb1del,median_wormlength_um,123.1969418432833,0.926795799925417,DMSO
p03,F,12,20201125,ABZA,2X,ABZ,A,b1del,median_wormlength_um,168.64961615407185,1.2687308107814785,DMSO
p03,G,3,20201125,ABZA,2X,ABZ,A,tN2,median_wormlength_um,-80.6187455246494,-0.6064851418353143,DMSO
p03,G,4,20201125,ABZA,2X,ABZ,A,tbb1del,median_wormlength_um,-167.90179552464974,-1.263105045985075,DMSO
p03,G,5,20201125,ABZA,2X,ABZ,A,ben1tbb1del,median_wormlength_um,116.00771389341878,0.8727121013453285,DMSO
p03,G,6,20201125,ABZA,2X,ABZ,A,b1del,median_wormlength_um,171.35792887629293,1.289105122174955,DMSO
p03,G,9,20201125,ABZA,2X,ABZ,A,tN2,median_wormlength_um,-61.804303334912674,-0.4649463524912654,DMSO
p03,G,10,20201125,ABZA,2X,ABZ,A,tbb1del,median_wormlength_um,-165.27016257921366,-1.2433075873445991,DMSO
p03,G,11,20201125,ABZA,2X,ABZ,A,ben1tbb1del,median_wormlength_um,51.97691884418589,0.39101611904567124,DMSO
p03,G,12,20201125,ABZA,2X,ABZ,A,b1del,median_wormlength_um,156.6173098843459,1.17821321556078,DMSO
p03,H,3,20201125,ABZA,2X,ABZ,A,tN2,median_wormlength_um,-81.80057938685479,-0.6153759360653767,DMSO
p03,H,4,20201125,ABZA,2X,ABZ,A,tbb1del,median_wormlength_um,-175.85505871808198,-1.3229364899567198,DMSO
p03,H,5,20201125,ABZA,2X,ABZ,A,ben1tbb1del,median_wormlength_um,130.83180389350548,0.9842319503304902,DMSO
p03,H,6,20201125,ABZA,2X,ABZ,A,b1del,median_wormlength_um,138.6546835995954,1.043082534983385,DMSO
p03,H,9,20201125,ABZA,2X,ABZ,A,tN2,median_wormlength_um,-69.25631228829013,-0.5210069210058836,DMSO
p03,H,10,20201125,ABZA,2X,ABZ,A,tbb1del,median_wormlength_um,-173.82712847008486,-1.3076806142161004,DMSO
p03,H,11,20201125,ABZA,2X,ABZ,A,ben1tbb1del,median_wormlength_um,84.86888538432538,0.6384584336403542,DMSO
p03,H,12,20201125,ABZA,2X,ABZ,A,b1del,median_wormlength_um,149.58964430989613,1.125344931330431,DMSO
p04,A,3,20201125,ABZA,2X,ABZ,A,tN2,median_wormlength_um,-81.06681707790233,-0.6098559303257391,DMSO
p04,A,4,20201125,ABZA,2X,ABZ,A,tbb1del,median_wormlength_um,-181.8356200545545,-1.367927534741662,DMSO
p04,A,5,20201125,ABZA,2X,ABZ,A,ben1tbb1del,median_wormlength_um,117.68305642288271,0.8853155020183644,DMSO
p04,A,6,20201125,ABZA,2X,ABZ,A,b1del,median_wormlength_um,113.49971051019145,0.8538446930558382,DMSO
p04,A,9,20201125,ABZA,2X,ABZ,A,tN2,median_wormlength_um,-83.04470060518452,-0.6247353105960598,DMSO
p04,A,10,20201125,ABZA,2X,ABZ,A,tbb1del,median_wormlength_um,-175.81921236448272,-1.3226668221430438,DMSO
p04,A,11,20201125,ABZA,2X,ABZ,A,ben1tbb1del,median_wormlength_um,87.14439099099616,0.65557678907528,DMSO
p04,A,12,20201125,ABZA,2X,ABZ,A,b1del,median_wormlength_um,161.61551798312792,1.215814134900134,DMSO
p04,B,3,20201125,ABZA,2X,ABZ,A,tN2,median_wormlength_um,-60.25421620951863,-0.45328523318230435,DMSO
p04,B,4,20201125,ABZA,2X,ABZ,A,tbb1del,median_wormlength_um,-188.11500844325462,-1.415166619557183,DMSO
p04,B,5,20201125,ABZA,2X,ABZ,A,ben1tbb1del,median_wormlength_um,115.29960810127068,0.8673851065007605,DMSO
p04,B,6,20201125,ABZA,2X,ABZ,A,b1del,median_wormlength_um,177.2462392337469,1.3334021739222925,DMSO
p04,B,9,20201125,ABZA,2X,ABZ,A,tN2,median_wormlength_um,-61.34516992782267,-0.4614923470027382,DMSO
p04,B,11,20201125,ABZA,2X,ABZ,A,ben1tbb1del,median_wormlength_um,150.24621658097033,1.1302842456841358,DMSO
p04,B,12,20201125,ABZA,2X,ABZ,A,b1del,median_wormlength_um,144.33190333748473,1.085791577347624,DMSO
p04,C,3,20201125,ABZA,2X,ABZ,A,tN2,median_wormlength_um,-65.99101047533077,-0.4964424475663623,DMSO
p04,C,4,20201125,ABZA,2X,ABZ,A,tbb1del,median_wormlength_um,-176.55571889086139,-1.3282074723008515,DMSO
p04,C,5,20201125,ABZA,2X,ABZ,A,ben1tbb1del,median_wormlength_um,99.92633326467342,0.7517338059369697,DMSO
p04,C,6,20201125,ABZA,2X,ABZ,A,b1del,median_wormlength_um,170.37158049500385,1.2816849417438139,DMSO
p04,C,9,20201125,ABZA,2X,ABZ,A,tN2,median_wormlength_um,-87.63071184622333,-0.659235322471454,DMSO
p04,C,10,20201125,ABZA,2X,ABZ,A,tbb1del,median_wormlength_um,-179.11879254799703,-1.347489167648083,DMSO
p04,C,12,20201125,ABZA,2X,ABZ,A,b1del,median_wormlength_um,177.98706050778765,1.3389752834086446,DMSO
p04,D,3,20201125,ABZA,2X,ABZ,A,tN2,median_wormlength_um,-66.17660778960192,-0.4978386738749889,DMSO
p04,D,4,20201125,ABZA,2X,ABZ,A,tbb1del,median_wormlength_um,-181.64464646922545,-1.3664908633914523,DMSO
p04,D,5,20201125,ABZA,2X,ABZ,A,ben1tbb1del,median_wormlength_um,124.57983906974766,0.937199169700992,DMSO
p04,D,6,20201125,ABZA,2X,ABZ,A,b1del,median_wormlength_um,181.03648952467017,1.3619157717254127,DMSO
p04,D,9,20201125,ABZA,2X,ABZ,A,tN2,median_wormlength_um,-65.41343172354493,-0.4920973919726754,DMSO
p04,D,10,20201125,ABZA,2X,ABZ,A,tbb1del,median_wormlength_um,-163.84907099474447,-1.232616886000155,DMSO
p04,D,11,20201125,ABZA,2X,ABZ,A,ben1tbb1del,median_wormlength_um,95.67452667787109,0.7197479755439041,DMSO
p04,D,12,20201125,ABZA,2X,ABZ,A,b1del,median_wormlength_um,167.5443353407485,1.2604159159456203,DMSO
p04,E,3,20201125,ABZA,2X,ABZ,A,tN2,median_wormlength_um,-89.12967013074638,-0.6705118056501239,DMSO
p04,E,4,20201125,ABZA,2X,ABZ,A,tbb1del,median_wormlength_um,-167.06833152292984,-1.2568349963829861,DMSO
p04,E,5,20201125,ABZA,2X,ABZ,A,ben1tbb1del,median_wormlength_um,96.53050868311686,0.7261874253825429,DMSO
p04,E,6,20201125,ABZA,2X,ABZ,A,b1del,median_wormlength_um,164.0832021479673,1.2343782265512473,DMSO
p04,E,9,20201125,ABZA,2X,ABZ,A,tN2,median_wormlength_um,-56.44996269940566,-0.4246662908427349,DMSO
p04,E,10,20201125,ABZA,2X,ABZ,A,tbb1del,median_wormlength_um,-177.92158208429385,-1.3384826970913841,DMSO
p04,E,11,20201125,ABZA,2X,ABZ,A,ben1tbb1del,median_wormlength_um,106.22599680473843,0.7991254182815568,DMSO
p04,E,12,20201125,ABZA,2X,ABZ,A,b1del,median_wormlength_um,170.65883668655601,1.2838459355789675,DMSO
p04,F,4,20201125,ABZA,2X,ABZ,A,tbb1del,median_wormlength_um,-174.4982142214418,-1.3127291117391848,DMSO
p04,F,5,20201125,ABZA,2X,ABZ,A,ben1tbb1del,median_wormlength_um,81.62021884418607,0.6140191053606847,DMSO
p04,F,6,20201125,ABZA,2X,ABZ,A,b1del,median_wormlength_um,176.37535834819425,1.3268506415961716,DMSO
p04,F,9,20201125,ABZA,2X,ABZ,A,tN2,median_wormlength_um,-92.77448420865858,-0.6979313042868283,DMSO
p04,F,10,20201125,ABZA,2X,ABZ,A,tbb1del,median_wormlength_um,-189.26236678697887,-1.4237980586015524,DMSO
p04,F,11,20201125,ABZA,2X,ABZ,A,ben1tbb1del,median_wormlength_um,112.86482892467791,0.8490685551249759,DMSO
p04,F,12,20201125,ABZA,2X,ABZ,A,b1del,median_wormlength_um,139.86523952466973,1.0521894018434481,DMSO
p04,G,3,20201125,ABZA,2X,ABZ,A,tN2,median_wormlength_um,-72.54726807086308,-0.5457643861782641,DMSO
p04,G,4,20201125,ABZA,2X,ABZ,A,tbb1del,median_wormlength_um,-172.98103208429382,-1.3013155327055486,DMSO
p04,G,5,20201125,ABZA,2X,ABZ,A,ben1tbb1del,median_wormlength_um,115.15123052290744,0.8662688797960011,DMSO
p04,G,6,20201125,ABZA,2X,ABZ,A,b1del,median_wormlength_um,161.98828059471407,1.2186183832655417,DMSO
p04,G,9,20201125,ABZA,2X,ABZ,A,tN2,median_wormlength_um,-81.83760452202637,-0.6156544717112723,DMSO
p04,G,10,20201125,ABZA,2X,ABZ,A,tbb1del,median_wormlength_um,-166.2289847905049,-1.250520691704205,DMSO
p04,G,11,20201125,ABZA,2X,ABZ,A,ben1tbb1del,median_wormlength_um,100.74874997666257,0.7579207481049791,DMSO
p04,G,12,20201125,ABZA,2X,ABZ,A,b1del,median_wormlength_um,158.71854385598067,1.1940205464119709,DMSO
p04,H,3,20201125,ABZA,2X,ABZ,A,tN2,median_wormlength_um,-74.45101889086152,-0.5600860749935884,DMSO
p04,H,4,20201125,ABZA,2X,ABZ,A,tbb1del,median_wormlength_um,-163.9460284700849,-1.2333462854444301,DMSO
p04,H,5,20201125,ABZA,2X,ABZ,A,ben1tbb1del,median_wormlength_um,77.44213610471002,0.5825878906182517,DMSO
p04,H,6,20201125,ABZA,2X,ABZ,A,b1del,median_wormlength_um,164.33806500888022,1.2362955292498121,DMSO
p04,H,9,20201125,ABZA,2X,ABZ,A,tN2,median_wormlength_um,-75.01926443617208,-0.5643609179956988,DMSO
p04,H,10,20201125,ABZA,2X,ABZ,A,tbb1del,median_wormlength_um,-210.51767750166505,-1.5836992087578605,DMSO
p04,H,11,20201125,ABZA,2X,ABZ,A,ben1tbb1del,median_wormlength_um,51.811402080545236,0.38977095630815345,DMSO
p04,H,12,20201125,ABZA,2X,ABZ,A,b1del,median_wormlength_um,159.94030043455075,1.2032116744433015,DMSO
p05,A,3,20201125,DMSOB,2X,DMSO,B,tN2,median_wormlength_um,44.73813882537161,0.7121923797299816,None
p05,A,4,20201125,DMSOB,2X,DMSO,B,tbb1del,median_wormlength_um,-25.35512740438594,-0.4036316440201586,None
p05,A,5,20201125,DMSOB,2X,DMSO,B,ben1tbb1del,median_wormlength_um,-132.34549745944662,-2.106825568897802,None
p05,A,6,20201125,DMSOB,2X,DMSO,B,b1del,median_wormlength_um,20.7429932522532,0.3302104672862938,None
p05,A,9,20201125,DMSOB,2X,DMSO,B,tN2,median_wormlength_um,61.56644112834101,0.9800843613510529,None
p05,A,10,20201125,DMSOB,2X,DMSO,B,tbb1del,median_wormlength_um,33.04121221981359,0.5259874500332853,None
p05,A,11,20201125,DMSOB,2X,DMSO,B,ben1tbb1del,median_wormlength_um,-50.15000165550089,-0.7983445436098218,None
p05,A,12,20201125,DMSOB,2X,DMSO,B,b1del,median_wormlength_um,40.048300150133514,0.6375342143622854,None
p05,B,3,20201125,DMSOB,2X,DMSO,B,tN2,median_wormlength_um,47.072318100888765,0.7493504899373785,None
p05,B,4,20201125,DMSOB,2X,DMSO,B,tbb1del,median_wormlength_um,13.17806387264136,0.20978335076307317,None
p05,B,5,20201125,DMSOB,2X,DMSO,B,ben1tbb1del,median_wormlength_um,-43.98952858753705,-0.7002751538289604,None
p05,B,6,20201125,DMSOB,2X,DMSO,B,b1del,median_wormlength_um,2.2226741656131708,0.03538304553864156,None
p05,B,9,20201125,DMSOB,2X,DMSO,B,tN2,median_wormlength_um,73.62484920117186,1.1720437625828797,None
p05,B,10,20201125,DMSOB,2X,DMSO,B,tbb1del,median_wormlength_um,-113.05144956332924,-1.7996810553677165,None
p05,B,11,20201125,DMSOB,2X,DMSO,B,ben1tbb1del,median_wormlength_um,-29.781466904431113,-0.474095130986725,None
p05,B,12,20201125,DMSOB,2X,DMSO,B,b1del,median_wormlength_um,45.271404939745366,0.7206815139004408,None
p05,C,3,20201125,DMSOB,2X,DMSO,B,tN2,median_wormlength_um,72.5832698816555,1.1554627229214085,None
p05,C,4,20201125,DMSOB,2X,DMSO,B,tbb1del,median_wormlength_um,33.77529840459556,0.5376734656028531,None
p05,C,5,20201125,DMSOB,2X,DMSO,B,ben1tbb1del,median_wormlength_um,15.38068342643328,0.2448471442699511,None
p05,C,6,20201125,DMSOB,2X,DMSO,B,b1del,median_wormlength_um,-33.928565356568356,-0.5401133425875879,None
p05,C,9,20201125,DMSOB,2X,DMSO,B,tN2,median_wormlength_um,75.02930551281997,1.1944014893252408,None
p05,C,10,20201125,DMSOB,2X,DMSO,B,tbb1del,median_wormlength_um,3.16729346259865,0.050420565710969985,None
p05,C,11,20201125,DMSOB,2X,DMSO,B,ben1tbb1del,median_wormlength_um,-7.0732357045336585,-0.11259977954081339,None
p05,D,3,20201125,DMSOB,2X,DMSO,B,tN2,median_wormlength_um,47.70912293449976,0.7594878707444622,None
p05,D,4,20201125,DMSOB,2X,DMSO,B,tbb1del,median_wormlength_um,-8.731848618752906,-0.13900345902867778,None
p05,D,5,20201125,DMSOB,2X,DMSO,B,ben1tbb1del,median_wormlength_um,3.426828883418466,0.05455214457926799,None
p05,D,6,20201125,DMSOB,2X,DMSO,B,b1del,median_wormlength_um,-4.562086062877029,-0.07262445454729133,None
p05,D,9,20201125,DMSOB,2X,DMSO,B,tN2,median_wormlength_um,61.077837885181566,0.9723062213652167,None
p05,D,10,20201125,DMSOB,2X,DMSO,B,tbb1del,median_wormlength_um,-62.30711117462829,-0.991875186287233,None
p05,D,11,20201125,DMSOB,2X,DMSO,B,ben1tbb1del,median_wormlength_um,-54.62550158129011,-0.8695906219295031,None
p05,D,12,20201125,DMSOB,2X,DMSO,B,b1del,median_wormlength_um,28.22116008770081,0.4492563993342069,None
p05,E,3,20201125,DMSOB,2X,DMSO,B,tN2,median_wormlength_um,54.47380261236026,0.8671757058752866,None
p05,E,4,20201125,DMSOB,2X,DMSO,B,tbb1del,median_wormlength_um,-23.993252535595275,-0.38195177692768956,None
p05,E,5,20201125,DMSOB,2X,DMSO,B,ben1tbb1del,median_wormlength_um,-25.20034861875297,-0.4011676999544044,None
p05,E,6,20201125,DMSOB,2X,DMSO,B,b1del,median_wormlength_um,14.470697765057366,0.23036096154730418,None
p05,E,9,20201125,DMSOB,2X,DMSO,B,tN2,median_wormlength_um,46.61592891122564,0.7420851697518885,None
p05,E,10,20201125,DMSOB,2X,DMSO,B,tbb1del,median_wormlength_um,-65.73792975122956,-1.0464908433226978,None
p05,E,11,20201125,DMSOB,2X,DMSO,B,ben1tbb1del,median_wormlength_um,-73.85514427244937,-1.1757098604394278,None
p05,E,12,20201125,DMSOB,2X,DMSO,B,b1del,median_wormlength_um,11.593892977426549,0.18456472367252952,None
p05,F,3,20201125,DMSOB,2X,DMSO,B,tN2,median_wormlength_um,33.843857692895426,0.5387648700280007,None
p05,F,4,20201125,DMSOB,2X,DMSO,B,tbb1del,median_wormlength_um,-21.655433381534294,-0.34473572300984523,None
p05,F,5,20201125,DMSOB,2X,DMSO,B,ben1tbb1del,median_wormlength_um,-58.81949622394768,-0.9363553802219331,None
p05,F,6,20201125,DMSOB,2X,DMSO,B,b1del,median_wormlength_um,17.54087445653647,0.279235512467514,None
p05,F,9,20201125,DMSOB,2X,DMSO,B,tN2,median_wormlength_um,45.305488709565,0.7212240979635097,None
p05,F,10,20201125,DMSOB,2X,DMSO,B,tbb1del,median_wormlength_um,7.482494778676255,0.11911482915154911,None
p05,F,11,20201125,DMSOB,2X,DMSO,B,ben1tbb1del,median_wormlength_um,-2.0274105927825303,-0.032274618763195574,None
p05,F,12,20201125,DMSOB,2X,DMSO,B,b1del,median_wormlength_um,18.322563090179187,0.29167931774906425,None
p05,G,3,20201125,DMSOB,2X,DMSO,B,tN2,median_wormlength_um,58.33104420854056,0.9285796476507817,None
p05,G,4,20201125,DMSOB,2X,DMSO,B,tbb1del,median_wormlength_um,-27.178232146035043,-0.43265389077745453,None
p05,G,5,20201125,DMSOB,2X,DMSO,B,ben1tbb1del,median_wormlength_um,7.8536894072180985,0.12502392579224977,None
p05,G,6,20201125,DMSOB,2X,DMSO,B,b1del,median_wormlength_um,34.24345050847853,0.5451260411836444,None
p05,G,9,20201125,DMSOB,2X,DMSO,B,tN2,median_wormlength_um,66.01007024877049,1.0508230840831077,None
p05,G,10,20201125,DMSOB,2X,DMSO,B,tbb1del,median_wormlength_um,-23.34782075385249,-0.3716770625863751,None
p05,G,11,20201125,DMSOB,2X,DMSO,B,ben1tbb1del,median_wormlength_um,-62.68418853387607,-0.9978779309001287,None
p05,G,12,20201125,DMSOB,2X,DMSO,B,b1del,median_wormlength_um,-2.2197515368078484,-0.035336519822146605,None
p05,H,3,20201125,DMSOB,2X,DMSO,B,tN2,median_wormlength_um,55.50706429546699,0.8836243359769542,None
p05,H,4,20201125,DMSOB,2X,DMSO,B,tbb1del,median_wormlength_um,0.27318882537144873,0.0043489292305199335,None
p05,H,5,20201125,DMSOB,2X,DMSO,B,ben1tbb1del,median_wormlength_um,-107.55462609707979,-1.712176391826289,None
p05,H,6,20201125,DMSOB,2X,DMSO,B,b1del,median_wormlength_um,12.56848099168667,0.2000793198393823,None
p05,H,9,20201125,DMSOB,2X,DMSO,B,tN2,median_wormlength_um,30.48159840459539,0.48524061741770524,None
p05,H,10,20201125,DMSOB,2X,DMSO,B,tbb1del,median_wormlength_um,-16.11357645542398,-0.25651416583386166,None
p05,H,11,20201125,DMSOB,2X,DMSO,B,ben1tbb1del,median_wormlength_um,-18.628877633231014,-0.29655557968329327,None
p05,H,12,20201125,DMSOB,2X,DMSO,B,b1del,median_wormlength_um,13.157116399349661,0.20944988515085408,None
p06,A,3,20201125,DMSOB,2X,DMSO,B,tN2,median_wormlength_um,41.324459434048094,0.6578495636635443,None
p06,A,4,20201125,DMSOB,2X,DMSO,B,tbb1del,median_wormlength_um,-10.173020753852256,-0.16194566984579098,None
p06,A,5,20201125,DMSOB,2X,DMSO,B,ben1tbb1del,median_wormlength_um,-62.68418853387584,-0.997877930900125,None
p06,A,6,20201125,DMSOB,2X,DMSO,B,b1del,median_wormlength_um,-16.9006752965405,-0.2690440969274543,None
p06,A,9,20201125,DMSOB,2X,DMSO,B,tN2,median_wormlength_um,82.27704392002124,1.3097792005892994,None
p06,A,10,20201125,DMSOB,2X,DMSO,B,tbb1del,median_wormlength_um,-21.94680972001288,-0.3493741816794846,None
p06,A,11,20201125,DMSOB,2X,DMSO,B,ben1tbb1del,median_wormlength_um,4.100154939745153,0.0652709115861234,None
p06,A,12,20201125,DMSOB,2X,DMSO,B,b1del,median_wormlength_um,2.8781599762805854,0.045817811303052805,None
p06,B,3,20201125,DMSOB,2X,DMSO,B,tN2,median_wormlength_um,61.34619230767737,0.9765781910936482,None
p06,B,4,20201125,DMSOB,2X,DMSO,B,tbb1del,median_wormlength_um,-14.584470739736844,-0.23217212865692954,None
p06,B,5,20201125,DMSOB,2X,DMSO,B,ben1tbb1del,median_wormlength_um,-60.95042734230833,-0.9702779559944702,None
p06,B,6,20201125,DMSOB,2X,DMSO,B,b1del,median_wormlength_um,25.760924089421223,0.41009157539838326,None
p06,B,9,20201125,DMSOB,2X,DMSO,B,tN2,median_wormlength_um,52.310321770807604,0.8327349667318915,None
p06,B,10,20201125,DMSOB,2X,DMSO,B,tbb1del,median_wormlength_um,-10.606894487179147,-0.1688525634885183,None
p06,B,11,20201125,DMSOB,2X,DMSO,B,ben1tbb1del,median_wormlength_um,3.821045427942863,0.06082773016117291,None
p06,B,12,20201125,DMSOB,2X,DMSO,B,b1del,median_wormlength_um,19.938431350031124,0.31740253940131286,None
p06,C,3,20201125,DMSOB,2X,DMSO,B,tN2,median_wormlength_um,38.211686735604076,0.6082969212454796,None
p06,C,4,20201125,DMSOB,2X,DMSO,B,tbb1del,median_wormlength_um,-55.63401270105078,-0.8856452445227696,None
p06,C,5,20201125,DMSOB,2X,DMSO,B,ben1tbb1del,median_wormlength_um,-52.859884907957394,-0.8414835353745603,None
p06,C,6,20201125,DMSOB,2X,DMSO,B,b1del,median_wormlength_um,42.531360916471044,0.6770623888152913,None
p06,C,9,20201125,DMSOB,2X,DMSO,B,tN2,median_wormlength_um,78.12909056213903,1.2437473796302256,None
p06,C,10,20201125,DMSOB,2X,DMSO,B,tbb1del,median_wormlength_um,-22.588796223947043,-0.35959405018532664,None
p06,C,11,20201125,DMSOB,2X,DMSO,B,ben1tbb1del,median_wormlength_um,12.930656923435777,0.20584484664683725,None
p06,C,12,20201125,DMSOB,2X,DMSO,B,b1del,median_wormlength_um,-52.18778358653549,-0.8307842650854781,None
p06,D,3,20201125,DMSOB,2X,DMSO,B,tN2,median_wormlength_um,39.99150377605315,0.6366300653324337,None
p06,D,4,20201125,DMSOB,2X,DMSO,B,tbb1del,median_wormlength_um,-57.29314409183473,-0.9120571777079971,None
p06,D,5,20201125,DMSOB,2X,DMSO,B,ben1tbb1del,median_wormlength_um,-21.962738734491268,-0.34962775777866917,None
p06,D,6,20201125,DMSOB,2X,DMSO,B,b1del,median_wormlength_um,-3.7712180681229484,-0.0600345217958474,None
p06,D,9,20201125,DMSOB,2X,DMSO,B,tN2,median_wormlength_um,57.53342656041934,0.9158822662700451,None
p06,D,10,20201125,DMSOB,2X,DMSO,B,tbb1del,median_wormlength_um,-15.613062410127895,-0.2485464162053155,None
p06,D,11,20201125,DMSOB,2X,DMSO,B,ben1tbb1del,median_wormlength_um,-18.61257803010585,-0.2962961041341723,None
p06,D,12,20201125,DMSOB,2X,DMSO,B,b1del,median_wormlength_um,-9.512521682330998,-0.15143109731535304,None
p06,E,3,20201125,DMSOB,2X,DMSO,B,tN2,median_wormlength_um,53.62613824352616,0.8536816240939964,None
p06,E,4,20201125,DMSOB,2X,DMSO,B,tbb1del,median_wormlength_um,-3.157629751228569,-0.050266727804924825,None
p06,E,5,20201125,DMSOB,2X,DMSO,B,ben1tbb1del,median_wormlength_um,-3.608642669834012,-0.05744646241669226,None
p06,E,6,20201125,DMSOB,2X,DMSO,B,b1del,median_wormlength_um,51.19673788518105,0.8150076768097732,None
p06,E,9,20201125,DMSOB,2X,DMSO,B,tN2,median_wormlength_um,63.0659163436394,1.0039547066530319,None
p06,E,10,20201125,DMSOB,2X,DMSO,B,tbb1del,median_wormlength_um,-35.86055369928761,-0.5708689218659887,None
p06,E,11,20201125,DMSOB,2X,DMSO,B,ben1tbb1del,median_wormlength_um,-0.2718402032217,-0.004327460335233378,None
p06,E,12,20201125,DMSOB,2X,DMSO,B,b1del,median_wormlength_um,55.889011466124316,0.8897046037651016,None
p06,F,3,20201125,DMSOB,2X,DMSO,B,tN2,median_wormlength_um,33.347307401972444,0.5308602199322864,None
p06,F,4,20201125,DMSOB,2X,DMSO,B,tbb1del,median_wormlength_um,4.850861833239492,0.07722151442734469,None
p06,F,5,20201125,DMSOB,2X,DMSO,B,ben1tbb1del,median_wormlength_um,-60.451367722392206,-0.962333359556908,None
p06,F,6,20201125,DMSOB,2X,DMSO,B,b1del,median_wormlength_um,3.874900436671169,0.061685055204941594,None
p06,F,9,20201125,DMSOB,2X,DMSO,B,tN2,median_wormlength_um,57.78758316299081,0.9199282190155539,None
p06,F,10,20201125,DMSOB,2X,DMSO,B,tbb1del,median_wormlength_um,-12.16560856070646,-0.19366594005022905,None
p06,F,11,20201125,DMSOB,2X,DMSO,B,ben1tbb1del,median_wormlength_um,-37.69300101355907,-0.6000398942789201,None
p06,F,12,20201125,DMSOB,2X,DMSO,B,b1del,median_wormlength_um,-58.15324151204686,-0.925749182887102,None
p06,G,3,20201125,DMSOB,2X,DMSO,B,tN2,median_wormlength_um,65.30784209294654,1.039644220711929,None
p06,G,4,20201125,DMSOB,2X,DMSO,B,tbb1del,median_wormlength_um,-33.03500580317086,-0.5258886492616393,None
p06,G,5,20201125,DMSOB,2X,DMSO,B,ben1tbb1del,median_wormlength_um,-7.056600431712013,-0.11233496042116807,None
p06,G,6,20201125,DMSOB,2X,DMSO,B,b1del,median_wormlength_um,33.609781640954225,0.5350385822376096,None
p06,G,9,20201125,DMSOB,2X,DMSO,B,tN2,median_wormlength_um,69.53784630071232,1.1069822200586539,None
p06,G,10,20201125,DMSOB,2X,DMSO,B,tbb1del,median_wormlength_um,-11.38356211481846,-0.18121643870797632,None
p06,G,11,20201125,DMSOB,2X,DMSO,B,ben1tbb1del,median_wormlength_um,-21.59569564210119,-0.34378474999389974,None
p06,H,3,20201125,DMSOB,2X,DMSO,B,tN2,median_wormlength_um,47.30639160563885,0.7530767371786956,None
p06,H,4,20201125,DMSOB,2X,DMSO,B,tbb1del,median_wormlength_um,-35.352240494145235,-0.5627770163749802,None
p06,H,5,20201125,DMSOB,2X,DMSO,B,ben1tbb1del,median_wormlength_um,-25.41728548541664,-0.40462114677577166,None
p06,H,6,20201125,DMSOB,2X,DMSO,B,b1del,median_wormlength_um,-15.188711286049283,-0.24179111424520697,None
p06,H,9,20201125,DMSOB,2X,DMSO,B,tN2,median_wormlength_um,74.02738338210725,1.17845175772461,None
p06,H,10,20201125,DMSOB,2X,DMSO,B,tbb1del,median_wormlength_um,-46.858373551002046,-0.7459446782046104,None
p06,H,11,20201125,DMSOB,2X,DMSO,B,ben1tbb1del,median_wormlength_um,4.040417200311595,0.06431993857017067,None
p06,H,12,20201125,DMSOB,2X,DMSO,B,b1del,median_wormlength_um,39.39140020178536,0.62707693675213,None
p07,A,3,20201125,ABZB,2X,ABZ,B,tN2,median_wormlength_um,-88.32151917395743,-0.664432183045448,DMSO
p07,A,4,20201125,ABZB,2X,ABZ,B,tbb1del,median_wormlength_um,-174.1502268059146,-1.310111244198711,DMSO
p07,A,5,20201125,ABZB,2X,ABZ,B,ben1tbb1del,median_wormlength_um,87.3353399436121,0.6570132751165438,DMSO
p07,A,6,20201125,ABZB,2X,ABZ,B,b1del,median_wormlength_um,191.98891323363193,1.4443095401144157,DMSO
p07,A,9,20201125,ABZB,2X,ABZ,B,tN2,median_wormlength_um,-68.971541826421,-0.5188646270166503,DMSO
p07,A,10,20201125,ABZB,2X,ABZ,B,tbb1del,median_wormlength_um,-112.05400792427508,-0.842968846102809,DMSO
p07,A,11,20201125,ABZB,2X,ABZ,B,ben1tbb1del,median_wormlength_um,67.61330104487251,0.5086467447154157,DMSO
p07,A,12,20201125,ABZB,2X,ABZ,B,b1del,median_wormlength_um,166.08686631032162,1.249451551443459,DMSO
p07,B,3,20201125,ABZB,2X,ABZ,B,tN2,median_wormlength_um,-70.40628818398193,-0.5296580515793904,DMSO
p07,B,4,20201125,ABZB,2X,ABZ,B,tbb1del,median_wormlength_um,-155.86987538672076,-1.172590355587521,DMSO
p07,B,5,20201125,ABZB,2X,ABZ,B,ben1tbb1del,median_wormlength_um,138.79022157735665,1.0441021709145997,DMSO
p07,B,6,20201125,ABZB,2X,ABZ,B,b1del,median_wormlength_um,165.16528094623493,1.24251857541395,DMSO
p07,B,9,20201125,ABZB,2X,ABZ,B,tN2,median_wormlength_um,-60.61193616403955,-0.4559763174449444,DMSO
p07,B,10,20201125,ABZB,2X,ABZ,B,tbb1del,median_wormlength_um,-152.5100421193256,-1.1473147333676719,DMSO
p07,B,11,20201125,ABZB,2X,ABZ,B,ben1tbb1del,median_wormlength_um,109.09256265617182,0.8206902489629654,DMSO
p07,B,12,20201125,ABZB,2X,ABZ,B,b1del,median_wormlength_um,190.1990644735174,1.4308447228181713,DMSO
p07,C,3,20201125,ABZB,2X,ABZ,B,tN2,median_wormlength_um,-51.87126481776954,-0.39022129649193754,DMSO
p07,C,4,20201125,ABZB,2X,ABZ,B,tbb1del,median_wormlength_um,-161.19357384337786,-1.2126398998040944,DMSO
p07,C,5,20201125,ABZB,2X,ABZ,B,ben1tbb1del,median_wormlength_um,77.43466330543913,0.5825316736466721,DMSO
p07,C,6,20201125,ABZB,2X,ABZ,B,b1del,median_wormlength_um,141.6244447878787,1.0654236917921585,DMSO
p07,C,9,20201125,ABZB,2X,ABZ,B,tN2,median_wormlength_um,-53.84568850313565,-0.4050746487869834,DMSO
p07,C,10,20201125,ABZB,2X,ABZ,B,tbb1del,median_wormlength_um,-157.9030098094653,-1.1878853817098445,DMSO
p07,C,11,20201125,ABZB,2X,ABZ,B,ben1tbb1del,median_wormlength_um,114.10979498014683,0.8584342852640059,DMSO
p07,C,12,20201125,ABZB,2X,ABZ,B,b1del,median_wormlength_um,165.08494417960878,1.241914211565508,DMSO
p07,D,3,20201125,ABZB,2X,ABZ,B,tN2,median_wormlength_um,-57.62762115764747,-0.43352567401016695,DMSO
p07,D,4,20201125,ABZB,2X,ABZ,B,tbb1del,median_wormlength_um,-142.41615678881305,-1.0713796461059437,DMSO
p07,D,5,20201125,ABZB,2X,ABZ,B,ben1tbb1del,median_wormlength_um,78.72988075096339,0.5922754389588746,DMSO
p07,D,6,20201125,ABZB,2X,ABZ,B,b1del,median_wormlength_um,149.89554482887536,1.1276461842019938,DMSO
p07,D,9,20201125,ABZB,2X,ABZ,B,tN2,median_wormlength_um,-47.044293001824485,-0.353908567146212,DMSO
p07,D,10,20201125,ABZB,2X,ABZ,B,tbb1del,median_wormlength_um,-146.2832840044473,-1.100471579782238,DMSO
p07,D,11,20201125,ABZB,2X,ABZ,B,ben1tbb1del,median_wormlength_um,113.50659619516398,0.8538964932370466,DMSO
p07,D,12,20201125,ABZB,2X,ABZ,B,b1del,median_wormlength_um,159.88918807055632,1.2028271622665714,DMSO
p07,E,3,20201125,ABZB,2X,ABZ,B,tN2,median_wormlength_um,-73.98152058457333,-0.5565540956130193,DMSO
p07,E,4,20201125,ABZB,2X,ABZ,B,tbb1del,median_wormlength_um,-154.41225889269583,-1.1616248817344217,DMSO
p07,E,5,20201125,ABZB,2X,ABZ,B,ben1tbb1del,median_wormlength_um,102.5624629427092,0.77156509295682,DMSO
p07,E,6,20201125,ABZB,2X,ABZ,B,b1del,median_wormlength_um,161.9719836993853,1.2184957836789214,DMSO
p07,E,9,20201125,ABZB,2X,ABZ,B,tN2,median_wormlength_um,-63.06472144857105,-0.47442832660856793,DMSO
p07,E,10,20201125,ABZB,2X,ABZ,B,tbb1del,median_wormlength_um,-150.44818876582872,-1.1318036581778845,DMSO
p07,E,12,20201125,ABZB,2X,ABZ,B,b1del,median_wormlength_um,163.55335452475595,1.2303922465062413,DMSO
p07,F,3,20201125,ABZB,2X,ABZ,B,tN2,median_wormlength_um,-57.76058819809714,-0.434525969088709,DMSO
p07,F,4,20201125,ABZB,2X,ABZ,B,tbb1del,median_wormlength_um,-157.23780678881292,-1.1828811392634488,DMSO
p07,F,5,20201125,ABZB,2X,ABZ,B,ben1tbb1del,median_wormlength_um,124.13373307594384,0.9338431678782745,DMSO
p07,F,6,20201125,ABZB,2X,ABZ,B,b1del,median_wormlength_um,94.2447547741017,0.7089919731996996,DMSO
p07,F,9,20201125,ABZB,2X,ABZ,B,tN2,median_wormlength_um,-58.05561216027138,-0.43674539892949404,DMSO
p07,F,10,20201125,ABZB,2X,ABZ,B,tbb1del,median_wormlength_um,-158.6990594745423,-1.1938739677501047,DMSO
p07,F,11,20201125,ABZB,2X,ABZ,B,ben1tbb1del,median_wormlength_um,101.77453631330752,0.7656376155385266,DMSO
p07,F,12,20201125,ABZB,2X,ABZ,B,b1del,median_wormlength_um,131.2791497536631,0.9875972795188978,DMSO
p07,G,3,20201125,ABZB,2X,ABZ,B,tN2,median_wormlength_um,-97.75003827230864,-0.7353618000401971,DMSO
p07,G,4,20201125,ABZB,2X,ABZ,B,tbb1del,median_wormlength_um,-218.6193283420663,-1.6446469551791796,DMSO
p07,G,5,20201125,ABZB,2X,ABZ,B,ben1tbb1del,median_wormlength_um,97.58175184144841,0.7340958014287685,DMSO
p07,G,9,20201125,ABZB,2X,ABZ,B,tN2,median_wormlength_um,-85.26119416551683,-0.6414097254925856,DMSO
p07,G,10,20201125,ABZB,2X,ABZ,B,tbb1del,median_wormlength_um,-146.67455918361918,-1.1034150959705933,DMSO
p07,G,11,20201125,ABZB,2X,ABZ,B,ben1tbb1del,median_wormlength_um,101.11227211081757,0.7606554814682717,DMSO
p07,G,12,20201125,ABZB,2X,ABZ,B,b1del,median_wormlength_um,157.576462727979,1.1854288072277885,DMSO
p07,H,3,20201125,ABZB,2X,ABZ,B,tN2,median_wormlength_um,-95.63970618114115,-0.7194860251282692,DMSO
p07,H,4,20201125,ABZB,2X,ABZ,B,tbb1del,median_wormlength_um,-150.23073342260102,-1.1301677677429487,DMSO
p07,H,6,20201125,ABZB,2X,ABZ,B,b1del,median_wormlength_um,143.23958554057504,1.0775742017276366,DMSO
p07,H,9,20201125,ABZB,2X,ABZ,B,tN2,median_wormlength_um,-66.00730737065987,-0.4965650471529851,DMSO
p07,H,10,20201125,ABZB,2X,ABZ,B,tbb1del,median_wormlength_um,-156.36418168583396,-1.1763089625191567,DMSO
p07,H,11,20201125,ABZB,2X,ABZ,B,ben1tbb1del,median_wormlength_um,54.02714531507013,0.40643972659372396,DMSO
p07,H,12,20201125,ABZB,2X,ABZ,B,b1del,median_wormlength_um,172.18117586131518,1.29529831038729,DMSO
p08,A,4,20201125,ABZB,2X,ABZ,B,tbb1del,median_wormlength_um,-171.56032294478234,-1.2906277084486,DMSO
p08,A,5,20201125,ABZB,2X,ABZ,B,ben1tbb1del,median_wormlength_um,105.98944449284011,0.7973458636444843,DMSO
p08,A,6,20201125,ABZB,2X,ABZ,B,b1del,median_wormlength_um,139.06669903552825,1.0461820776328479,DMSO
p08,A,9,20201125,ABZB,2X,ABZ,B,tN2,median_wormlength_um,-102.4395336994088,-0.7706403110208886,DMSO
p08,A,10,20201125,ABZB,2X,ABZ,B,tbb1del,median_wormlength_um,-162.42075047716526,-1.2218718022599813,DMSO
p08,A,11,20201125,ABZB,2X,ABZ,B,ben1tbb1del,median_wormlength_um,59.94242261058605,0.4509396473778957,DMSO
p08,A,12,20201125,ABZB,2X,ABZ,B,b1del,median_wormlength_um,149.4786302441961,1.1245097858448014,DMSO
p08,B,4,20201125,ABZB,2X,ABZ,B,tbb1del,median_wormlength_um,-193.20015236631707,-1.4534215466632963,DMSO
p08,B,5,20201125,ABZB,2X,ABZ,B,ben1tbb1del,median_wormlength_um,82.34631120594179,0.6194814110085702,DMSO
p08,B,6,20201125,ABZB,2X,ABZ,B,b1del,median_wormlength_um,104.22869498014734,0.784099956492339,DMSO
p08,B,9,20201125,ABZB,2X,ABZ,B,tN2,median_wormlength_um,-93.47547364672653,-0.7032047636541902,DMSO
p08,B,10,20201125,ABZB,2X,ABZ,B,tbb1del,median_wormlength_um,-153.27373666194637,-1.153059915706916,DMSO
p08,B,11,20201125,ABZB,2X,ABZ,B,ben1tbb1del,median_wormlength_um,73.89806570463031,0.555926274572518,DMSO
p08,B,12,20201125,ABZB,2X,ABZ,B,b1del,median_wormlength_um,157.9819357270752,1.1884791319105519,DMSO
p08,C,3,20201125,ABZB,2X,ABZ,B,tN2,median_wormlength_um,-92.4538648460001,-0.695519323321714,DMSO
p08,C,4,20201125,ABZB,2X,ABZ,B,tbb1del,median_wormlength_um,-156.47015785796714,-1.1771062085364334,DMSO
p08,C,5,20201125,ABZB,2X,ABZ,B,ben1tbb1del,median_wormlength_um,93.37320156662213,0.7024353830764553,DMSO
p08,C,9,20201125,ABZB,2X,ABZ,B,tN2,median_wormlength_um,-81.77357921483542,-0.6151728170134744,DMSO
p08,C,10,20201125,ABZB,2X,ABZ,B,tbb1del,median_wormlength_um,-199.25397948741204,-1.498963761148154,DMSO
p08,C,11,20201125,ABZB,2X,ABZ,B,ben1tbb1del,median_wormlength_um,44.87423420503876,0.3375834753999349,DMSO
p08,C,12,20201125,ABZB,2X,ABZ,B,b1del,median_wormlength_um,198.03716693574438,1.4898098264375277,DMSO
p08,D,4,20201125,ABZB,2X,ABZ,B,tbb1del,median_wormlength_um,-220.38321636803687,-1.6579164729898395,DMSO
p08,D,5,20201125,ABZB,2X,ABZ,B,ben1tbb1del,median_wormlength_um,46.11266984058955,0.3469000779741002,DMSO
p08,D,6,20201125,ABZB,2X,ABZ,B,b1del,median_wormlength_um,124.65675575861906,0.9377778047151673,DMSO
p08,D,9,20201125,ABZB,2X,ABZ,B,tN2,median_wormlength_um,-84.55825975134962,-0.6361216343035857,DMSO
p08,D,10,20201125,ABZB,2X,ABZ,B,tbb1del,median_wormlength_um,-172.4791301550256,-1.297539784760347,DMSO
p08,D,11,20201125,ABZB,2X,ABZ,B,ben1tbb1del,median_wormlength_um,65.71005115266973,0.4943288243197464,DMSO
p08,D,12,20201125,ABZB,2X,ABZ,B,b1del,median_wormlength_um,149.35053036438876,1.1235461058313203,DMSO
p08,E,3,20201125,ABZB,2X,ABZ,B,tN2,median_wormlength_um,-86.20875992223534,-0.6485381488961227,DMSO
p08,E,4,20201125,ABZB,2X,ABZ,B,tbb1del,median_wormlength_um,-208.38193259383132,-1.5676322562777414,DMSO
p08,E,5,20201125,ABZB,2X,ABZ,B,ben1tbb1del,median_wormlength_um,84.25561833362633,0.6338448992594125,DMSO
p08,E,6,20201125,ABZB,2X,ABZ,B,b1del,median_wormlength_um,140.01790467079206,1.0533378834056026,DMSO
p08,E,9,20201125,ABZB,2X,ABZ,B,tN2,median_wormlength_um,-80.60908168583376,-0.6064124419363466,DMSO
p08,E,10,20201125,ABZB,2X,ABZ,B,tbb1del,median_wormlength_um,-205.89259989531894,-1.5489053053073747,DMSO
p08,E,11,20201125,ABZB,2X,ABZ,B,ben1tbb1del,median_wormlength_um,112.6918393617658,0.8477671754158743,DMSO
p08,E,12,20201125,ABZB,2X,ABZ,B,b1del,median_wormlength_um,161.54936896781987,1.2153165038011815,DMSO
p08,F,3,20201125,ABZB,2X,ABZ,B,tN2,median_wormlength_um,-76.0255259472599,-0.571930902511138,DMSO
p08,F,4,20201125,ABZB,2X,ABZ,B,tbb1del,median_wormlength_um,-152.9169224371475,-1.150375645140217,DMSO
p08,F,5,20201125,ABZB,2X,ABZ,B,ben1tbb1del,median_wormlength_um,95.06472201627878,0.7151604883004467,DMSO
p08,F,6,20201125,ABZB,2X,ABZ,B,b1del,median_wormlength_um,151.20737042976054,1.1375148906726593,DMSO
p08,F,9,20201125,ABZB,2X,ABZ,B,tN2,median_wormlength_um,-50.103916949883114,-0.3769257507060047,DMSO
p08,F,10,20201125,ABZB,2X,ABZ,B,tbb1del,median_wormlength_um,-182.51986673515228,-1.3730750403550558,DMSO
p08,F,11,20201125,ABZB,2X,ABZ,B,ben1tbb1del,median_wormlength_um,104.0379159955528,0.7826647491000875,DMSO
p08,F,12,20201125,ABZB,2X,ABZ,B,b1del,median_wormlength_um,158.4561389711331,1.1920465059729934,DMSO
p08,G,3,20201125,ABZB,2X,ABZ,B,tN2,median_wormlength_um,-68.92981274211706,-0.5185507041262849,DMSO
p08,G,4,20201125,ABZB,2X,ABZ,B,tbb1del,median_wormlength_um,-146.29661490171054,-1.1005718665215674,DMSO
p08,G,5,20201125,ABZB,2X,ABZ,B,ben1tbb1del,median_wormlength_um,54.53684190868353,0.4102741128628093,DMSO
p08,G,6,20201125,ABZB,2X,ABZ,B,b1del,median_wormlength_um,187.87869381645578,1.4133888529965768,DMSO
p08,G,9,20201125,ABZB,2X,ABZ,B,tN2,median_wormlength_um,-68.50182173949452,-0.515330979206968,DMSO
p08,G,10,20201125,ABZB,2X,ABZ,B,tbb1del,median_wormlength_um,-164.88843464200397,-1.2404358939110898,DMSO
p08,G,11,20201125,ABZB,2X,ABZ,B,ben1tbb1del,median_wormlength_um,117.17156774638772,0.8814676341249524,DMSO
p08,G,12,20201125,ABZB,2X,ABZ,B,b1del,median_wormlength_um,180.94433127469495,1.3612224762772633,DMSO
p08,H,3,20201125,ABZB,2X,ABZ,B,tN2,median_wormlength_um,-79.36674198959633,-0.5970664695824376,DMSO
p08,H,4,20201125,ABZB,2X,ABZ,B,tbb1del,median_wormlength_um,-145.387140897942,-1.0937300028013928,DMSO
p08,H,5,20201125,ABZB,2X,ABZ,B,ben1tbb1del,median_wormlength_um,122.61310046302629,0.9224036313297589,DMSO
p08,H,6,20201125,ABZB,2X,ABZ,B,b1del,median_wormlength_um,160.6314835355431,1.2084113619143888,DMSO
p08,H,9,20201125,ABZB,2X,ABZ,B,tN2,median_wormlength_um,-68.87301636803647,-0.5181234318242188,DMSO
p08,H,10,20201125,ABZB,2X,ABZ,B,tbb1del,median_wormlength_um,-142.7645266492981,-1.074000390733914,DMSO
p08,H,11,20201125,ABZB,2X,ABZ,B,ben1tbb1del,median_wormlength_um,122.0585488251835,0.9182318059491561,DMSO
p08,H,12,20201125,ABZB,2X,ABZ,B,b1del,median_wormlength_um,180.91735242329526,1.36101951761782,DMSO
p09,A,12,20201125,DMSOC,2X,DMSO,C,b1del,median_wormlength_um,-35.503271547985946,-0.5651812998000803,None
p09,B,3,20201125,DMSOC,2X,DMSO,C,tN2,median_wormlength_um,54.25177736451394,0.8636412564373976,None
p09,B,4,20201125,DMSOC,2X,DMSO,C,tbb1del,median_wormlength_um,-4.318900572193911,-0.06875315239049545,None
p09,B,5,20201125,DMSOC,2X,DMSO,C,ben1tbb1del,median_wormlength_um,-10.04737720159585,-0.15994553343357273,None
p09,B,6,20201125,DMSOC,2X,DMSO,C,b1del,median_wormlength_um,38.01735341645565,0.6052033033020712,None
p09,B,9,20201125,DMSOC,2X,DMSO,C,tN2,median_wormlength_um,83.98909347450251,1.337033545057703,None
p09,B,10,20201125,DMSOC,2X,DMSO,C,tbb1del,median_wormlength_um,38.25974710480739,0.6090620006522804,None
p09,B,11,20201125,DMSOC,2X,DMSO,C,ben1tbb1del,median_wormlength_um,-5.964377189884658,-0.09494771342750095,None
p09,B,12,20201125,DMSOC,2X,DMSO,C,b1del,median_wormlength_um,25.57317975931994,0.4071028484475979,None
p09,C,3,20201125,DMSOC,2X,DMSO,C,tN2,median_wormlength_um,78.82259045823571,1.2547872966744225,None
p09,C,4,20201125,DMSOC,2X,DMSO,C,tbb1del,median_wormlength_um,-19.61407894713409,-0.3122391303781546,None
p09,C,5,20201125,DMSOC,2X,DMSO,C,ben1tbb1del,median_wormlength_um,-17.8903520224236,-0.284798892300615,None
p09,C,6,20201125,DMSOC,2X,DMSO,C,b1del,median_wormlength_um,53.26354914126898,0.8479095199703003,None
p09,C,9,20201125,DMSOC,2X,DMSO,C,tN2,median_wormlength_um,93.50194021131267,1.48846981695852,None
p09,C,10,20201125,DMSOC,2X,DMSO,C,tbb1del,median_wormlength_um,-2.09153045505559,-0.03329535137521098,None
p09,C,11,20201125,DMSOC,2X,DMSO,C,ben1tbb1del,median_wormlength_um,-95.01806486922248,-1.5126052069509088,None
p09,C,12,20201125,DMSOC,2X,DMSO,C,b1del,median_wormlength_um,70.81723483985434,1.127348976303202,None
p09,D,3,20201125,DMSOC,2X,DMSO,C,tN2,median_wormlength_um,58.5086424147388,0.9314068571062777,None
p09,D,4,20201125,DMSOC,2X,DMSO,C,tbb1del,median_wormlength_um,-5.982889757471753,-0.09524241745209681,None
p09,D,5,20201125,DMSOC,2X,DMSO,C,ben1tbb1del,median_wormlength_um,-11.558676608038809,-0.18400410960636432,None
p09,D,6,20201125,DMSOC,2X,DMSO,C,b1del,median_wormlength_um,3.719866494080975,0.05921704926166944,None
p09,D,9,20201125,DMSOC,2X,DMSO,C,tN2,median_wormlength_um,72.17839408415557,1.1490174512742841,None
p09,D,10,20201125,DMSOC,2X,DMSO,C,tbb1del,median_wormlength_um,26.206848626843907,0.4171903073936273,None
p09,D,11,20201125,DMSOC,2X,DMSO,C,ben1tbb1del,median_wormlength_um,-25.018629514865324,-0.3982748893807328,None
p09,D,12,20201125,DMSOC,2X,DMSO,C,b1del,median_wormlength_um,-40.93793438601347,-0.6516964200368192,None
p09,E,3,20201125,DMSOC,2X,DMSO,C,tN2,median_wormlength_um,69.65517221655773,1.1088499469110467,None
p09,E,4,20201125,DMSOC,2X,DMSO,C,tbb1del,median_wormlength_um,4.334828193283897,0.06900670630814777,None
p09,E,5,20201125,DMSOC,2X,DMSO,C,ben1tbb1del,median_wormlength_um,-8.021014936643496,-0.12768760314048183,None
p09,E,6,20201125,DMSOC,2X,DMSO,C,b1del,median_wormlength_um,-35.13277543263587,-0.559283322883744,None
p09,E,9,20201125,DMSOC,2X,DMSO,C,tN2,median_wormlength_um,91.53237432044148,1.4571160356952935,None
p09,E,10,20201125,DMSOC,2X,DMSO,C,tbb1del,median_wormlength_um,-2.172558915917648,-0.034585254216106094,None
p09,E,11,20201125,DMSOC,2X,DMSO,C,ben1tbb1del,median_wormlength_um,-6.602677996192256,-0.10510890882282596,None
p09,E,12,20201125,DMSOC,2X,DMSO,C,b1del,median_wormlength_um,-8.731575292984644,-0.1389991079194289,None
p09,F,3,20201125,DMSOC,2X,DMSO,C,tN2,median_wormlength_um,83.26556003314238,1.3255155200136155,None
p09,F,5,20201125,DMSOC,2X,DMSO,C,ben1tbb1del,median_wormlength_um,-3.964845128929028,-0.06311689671880955,None
p09,F,6,20201125,DMSOC,2X,DMSO,C,b1del,median_wormlength_um,-34.45663060134393,-0.5485196834234711,None
p09,F,9,20201125,DMSOC,2X,DMSO,C,tN2,median_wormlength_um,72.87199529184761,1.1600589811112305,None
p09,F,10,20201125,DMSOC,2X,DMSO,C,tbb1del,median_wormlength_um,-84.15564176570354,-1.3396848494473044,None
p09,F,11,20201125,DMSOC,2X,DMSO,C,ben1tbb1del,median_wormlength_um,-21.817720889947168,-0.3473191994317832,None
p09,F,12,20201125,DMSOC,2X,DMSO,C,b1del,median_wormlength_um,-29.491027410982838,-0.4694715860776669,None
p09,G,3,20201125,DMSOC,2X,DMSO,C,tN2,median_wormlength_um,63.487445582770874,1.0106650866515141,None
p09,G,4,20201125,DMSOC,2X,DMSO,C,tbb1del,median_wormlength_um,-7.3011436830846606,-0.11622787695087726,None
p09,G,5,20201125,DMSOC,2X,DMSO,C,ben1tbb1del,median_wormlength_um,18.46570363995704,0.29395799119098703,None
p09,G,6,20201125,DMSOC,2X,DMSO,C,b1del,median_wormlength_um,36.64961292825785,0.5834300606344478,None
p09,G,9,20201125,DMSOC,2X,DMSO,C,tN2,median_wormlength_um,79.37075545291702,1.2635136081012484,None
p09,G,11,20201125,DMSOC,2X,DMSO,C,ben1tbb1del,median_wormlength_um,-13.296764564183945,-0.21167296285255768,None
p09,G,12,20201125,DMSOC,2X,DMSO,C,b1del,median_wormlength_um,23.83768737319872,0.3794753144256866,None
p09,H,3,20201125,DMSOC,2X,DMSO,C,tN2,median_wormlength_um,90.36199406073399,1.4384845967433144,None
p09,H,4,20201125,DMSOC,2X,DMSO,C,tbb1del,median_wormlength_um,-1.173578150557546,-0.01868234660156734,None
p09,H,5,20201125,DMSOC,2X,DMSO,C,ben1tbb1del,median_wormlength_um,0.7483784724960287,0.011913536397795767,None
p09,H,6,20201125,DMSOC,2X,DMSO,C,b1del,median_wormlength_um,45.032744419078654,0.7168822453429264,None
p09,H,9,20201125,DMSOC,2X,DMSO,C,tN2,median_wormlength_um,78.9060486268437,1.2561158783559456,None
p09,H,10,20201125,DMSOC,2X,DMSO,C,tbb1del,median_wormlength_um,24.328357480607224,0.3872863570982855,None
p09,H,11,20201125,DMSOC,2X,DMSO,C,ben1tbb1del,median_wormlength_um,10.320093478888452,0.16428694010840975,None
p10,A,3,20201125,DMSOC,2X,DMSO,C,tN2,median_wormlength_um,43.78826461398455,0.6970712058766794,None
p10,A,4,20201125,DMSOC,2X,DMSO,C,tbb1del,median_wormlength_um,-9.813301149654535,-0.15621924564317985,None
p10,A,5,20201125,DMSOC,2X,DMSO,C,ben1tbb1del,median_wormlength_um,-87.78867836528843,-1.3975196420747784,None
p10,A,6,20201125,DMSOC,2X,DMSO,C,b1del,median_wormlength_um,41.62738266416466,0.6626718388362911,None
p10,A,9,20201125,DMSOC,2X,DMSO,C,tN2,median_wormlength_um,72.55272467878501,1.1549764697760483,None
p10,A,10,20201125,DMSOC,2X,DMSO,C,tbb1del,median_wormlength_um,-51.32390231334716,-0.8170320242477898,None
p10,A,11,20201125,DMSOC,2X,DMSO,C,ben1tbb1del,median_wormlength_um,-31.347706812035312,-0.499028312301631,None
p10,A,12,20201125,DMSOC,2X,DMSO,C,b1del,median_wormlength_um,45.74329021131223,0.7281935182739089,None
p10,B,3,20201125,DMSOC,2X,DMSO,C,tN2,median_wormlength_um,92.28308121393593,1.4690666385365165,None
p10,B,4,20201125,DMSOC,2X,DMSO,C,tbb1del,median_wormlength_um,-45.75800362942357,-0.7284277431329145,None
p10,B,5,20201125,DMSOC,2X,DMSO,C,ben1tbb1del,median_wormlength_um,-86.8322936068929,-1.3822948259580892,None
p10,B,6,20201125,DMSOC,2X,DMSO,C,b1del,median_wormlength_um,17.541162346411397,0.2792400954247131,None
p10,B,9,20201125,DMSOC,2X,DMSO,C,tN2,median_wormlength_um,82.95877315674863,1.3206317389421312,None
p10,B,10,20201125,DMSOC,2X,DMSO,C,tbb1del,median_wormlength_um,10.965525260631239,0.17456165444972416,None
p10,B,11,20201125,DMSOC,2X,DMSO,C,ben1tbb1del,median_wormlength_um,-122.06989302504678,-1.943246855803254,None
p10,B,12,20201125,DMSOC,2X,DMSO,C,b1del,median_wormlength_um,13.928191733349081,0.22172473590439032,None
p10,C,3,20201125,DMSOC,2X,DMSO,C,tN2,median_wormlength_um,75.68628418620176,1.2048600201696789,None
p10,C,4,20201125,DMSOC,2X,DMSO,C,tbb1del,median_wormlength_um,-29.84629302504652,-0.4751271066191866,None
p10,C,5,20201125,DMSOC,2X,DMSO,C,ben1tbb1del,median_wormlength_um,5.516662055488268,0.0878204766809885,None
p10,C,6,20201125,DMSOC,2X,DMSO,C,b1del,median_wormlength_um,-31.876100567808294,-0.5074398827477625,None
p10,C,9,20201125,DMSOC,2X,DMSO,C,tN2,median_wormlength_um,86.77448026935951,1.38137448775183,None
p10,C,10,20201125,DMSOC,2X,DMSO,C,tbb1del,median_wormlength_um,-7.863815809412586,-0.1251851293350546,None
p10,C,11,20201125,DMSOC,2X,DMSO,C,ben1tbb1del,median_wormlength_um,4.47508273597191,0.07123943701951721,None
p10,D,3,20201125,DMSOC,2X,DMSO,C,tN2,median_wormlength_um,90.03926360575531,1.433347007724697,None
p10,D,4,20201125,DMSOC,2X,DMSO,C,tbb1del,median_wormlength_um,21.936683317818165,0.3492129781366761,None
p10,D,5,20201125,DMSOC,2X,DMSO,C,ben1tbb1del,median_wormlength_um,21.662446164616654,0.34484736043605335,None
p10,D,6,20201125,DMSOC,2X,DMSO,C,b1del,median_wormlength_um,-26.850046694966295,-0.4274294629508517,None
p10,D,9,20201125,DMSOC,2X,DMSO,C,tN2,median_wormlength_um,75.76296651017765,1.2060807362796802,None
p10,D,10,20201125,DMSOC,2X,DMSO,C,tbb1del,median_wormlength_um,-8.368683736745652,-0.13322218899057986,None
p10,D,11,20201125,DMSOC,2X,DMSO,C,ben1tbb1del,median_wormlength_um,-16.360540048394455,-0.2604456121032421,None
p10,D,12,20201125,DMSOC,2X,DMSO,C,b1del,median_wormlength_um,20.58588741416304,0.32770947856310684,None
p10,E,3,20201125,DMSOC,2X,DMSO,C,tN2,median_wormlength_um,78.37451890498335,1.2476543860487543,None
p10,E,4,20201125,DMSOC,2X,DMSO,C,tbb1del,median_wormlength_um,36.51005689876138,0.5812084496474391,None
p10,E,5,20201125,DMSOC,2X,DMSO,C,ben1tbb1del,median_wormlength_um,-4.29587865621113,-0.0683866634492876,None
p10,E,6,20201125,DMSOC,2X,DMSO,C,b1del,median_wormlength_um,12.224908369472814,0.194609941589666,None
p10,E,9,20201125,DMSOC,2X,DMSO,C,tN2,median_wormlength_um,103.41731858186779,1.646314043452004,None
p10,E,11,20201125,DMSOC,2X,DMSO,C,ben1tbb1del,median_wormlength_um,7.07485765245076,0.11262559954533434,None
p10,E,12,20201125,DMSOC,2X,DMSO,C,b1del,median_wormlength_um,15.97706945463699,0.254341092740233,None
p10,F,3,20201125,DMSOC,2X,DMSO,C,tN2,median_wormlength_um,92.4001192399063,1.4709297824317085,None
p10,F,4,20201125,DMSOC,2X,DMSO,C,tbb1del,median_wormlength_um,33.68588238495238,0.5362500400986329,None
p10,F,5,20201125,DMSOC,2X,DMSO,C,ben1tbb1del,median_wormlength_um,-8.203166973104544,-0.13058730562533993,None
p10,F,6,20201125,DMSOC,2X,DMSO,C,b1del,median_wormlength_um,50.195978145446816,0.7990764494656708,None
p10,F,9,20201125,DMSOC,2X,DMSO,C,tN2,median_wormlength_um,77.08312911978226,1.227096580372677,None
p10,F,10,20201125,DMSOC,2X,DMSO,C,tbb1del,median_wormlength_um,40.51186778529109,0.6449138091759552,None
p10,F,11,20201125,DMSOC,2X,DMSO,C,ben1tbb1del,median_wormlength_um,21.651187162853944,0.3446681268901504,None
p10,F,12,20201125,DMSOC,2X,DMSO,C,b1del,median_wormlength_um,59.62031836713652,0.9491037743856735,None
p10,G,3,20201125,DMSOC,2X,DMSO,C,tN2,median_wormlength_um,88.29891597233075,1.4056421823754768,None
p10,G,4,20201125,DMSOC,2X,DMSO,C,tbb1del,median_wormlength_um,23.249558425183636,0.37011281151268177,None
p10,G,5,20201125,DMSOC,2X,DMSO,C,ben1tbb1del,median_wormlength_um,-25.1900290092118,-0.4010034207181586,None
p10,G,6,20201125,DMSOC,2X,DMSO,C,b1del,median_wormlength_um,40.51186778529052,0.6449138091759461,None
p10,G,9,20201125,DMSOC,2X,DMSO,C,tN2,median_wormlength_um,79.07744557399894,1.2588443691442956,None
p10,G,10,20201125,DMSOC,2X,DMSO,C,tbb1del,median_wormlength_um,-68.16359694188861,-1.08510536181421,None
p10,G,11,20201125,DMSOC,2X,DMSO,C,ben1tbb1del,median_wormlength_um,4.035326271938516,0.06423889540458592,None
p10,H,3,20201125,DMSOC,2X,DMSO,C,tN2,median_wormlength_um,75.6089033490349,1.2036281843353256,None
p10,H,4,20201125,DMSOC,2X,DMSO,C,tbb1del,median_wormlength_um,21.000379110052222,0.33430782697509365,None
p10,H,5,20201125,DMSOC,2X,DMSO,C,ben1tbb1del,median_wormlength_um,-6.8021705033731905,-0.10828465656642493,None
p10,H,6,20201125,DMSOC,2X,DMSO,C,b1del,median_wormlength_um,8.995959369759476,0.1432078731864885,None
p10,H,9,20201125,DMSOC,2X,DMSO,C,tN2,median_wormlength_um,81.81816191919995,1.3024741970115787,None
p10,H,10,20201125,DMSOC,2X,DMSO,C,tbb1del,median_wormlength_um,45.062352776917464,0.7173535847276834,None
p10,H,11,20201125,DMSOC,2X,DMSO,C,ben1tbb1del,median_wormlength_um,1.5459961206166781,0.02461091777852337,None
p10,H,12,20201125,DMSOC,2X,DMSO,C,b1del,median_wormlength_um,22.417304594262873,0.3568640521332077,None
p11,A,3,20201125,ABZC,2X,ABZ,C,tN2,median_wormlength_um,-72.97108733805453,-0.5489697459928295,DMSO
p11,A,4,20201125,ABZC,2X,ABZ,C,tbb1del,median_wormlength_um,-145.83080391655824,-1.0971016371610718,DMSO
p11,A,5,20201125,ABZC,2X,ABZ,C,ben1tbb1del,median_wormlength_um,68.09862260191767,0.5123136425122252,DMSO
p11,A,9,20201125,ABZC,2X,ABZ,C,tN2,median_wormlength_um,-83.78398219742405,-0.6303163773907648,DMSO
p11,A,10,20201125,ABZC,2X,ABZ,C,tbb1del,median_wormlength_um,-169.9368130389771,-1.2784538711428433,DMSO
p11,A,11,20201125,ABZC,2X,ABZ,C,ben1tbb1del,median_wormlength_um,109.32526420446493,0.8224663316703202,DMSO
p11,A,12,20201125,ABZC,2X,ABZ,C,b1del,median_wormlength_um,153.6395963211312,1.1558480659074297,DMSO
p11,B,3,20201125,ABZC,2X,ABZ,C,tN2,median_wormlength_um,-83.20761361643667,-0.6259802913456569,DMSO
p11,B,4,20201125,ABZC,2X,ABZ,C,tbb1del,median_wormlength_um,-177.36061840604918,-1.3343039988486478,DMSO
p11,B,5,20201125,ABZC,2X,ABZ,C,ben1tbb1del,median_wormlength_um,119.34367738180049,0.8978359874866585,DMSO
p11,B,6,20201125,ABZC,2X,ABZ,C,b1del,median_wormlength_um,134.87308045608484,1.014665443811126,DMSO
p11,B,9,20201125,ABZC,2X,ABZ,C,tN2,median_wormlength_um,-46.000448307411716,-0.34606657710726846,DMSO
p11,B,10,20201125,ABZC,2X,ABZ,C,tbb1del,median_wormlength_um,-148.77222862282906,-1.1192303080191315,DMSO
p11,B,11,20201125,ABZC,2X,ABZ,C,ben1tbb1del,median_wormlength_um,83.62423195229519,0.62911455822252,DMSO
p11,B,12,20201125,ABZC,2X,ABZ,C,b1del,median_wormlength_um,178.39682683050387,1.3420995120624408,DMSO
p11,C,3,20201125,ABZC,2X,ABZ,C,tN2,median_wormlength_um,-65.86548851345731,-0.49551352210795063,DMSO
p11,C,4,20201125,ABZC,2X,ABZ,C,tbb1del,median_wormlength_um,-164.51685193333105,-1.2376788905306815,DMSO
p11,C,5,20201125,ABZC,2X,ABZ,C,ben1tbb1del,median_wormlength_um,104.10529538094056,0.7831959156236863,DMSO
p11,C,6,20201125,ABZC,2X,ABZ,C,b1del,median_wormlength_um,119.36669929778304,0.8980091839652947,DMSO
p11,C,9,20201125,ABZC,2X,ABZ,C,tN2,median_wormlength_um,-101.58543785541906,-0.7642387423625117,DMSO
p11,C,10,20201125,ABZC,2X,ABZ,C,tbb1del,median_wormlength_um,-186.4092913574575,-1.4023781892289287,DMSO
p11,C,11,20201125,ABZC,2X,ABZ,C,ben1tbb1del,median_wormlength_um,90.00595154020368,0.6771249567100944,DMSO
p11,C,12,20201125,ABZC,2X,ABZ,C,b1del,median_wormlength_um,147.50026787438378,1.1096612033989433,DMSO
p11,D,3,20201125,ABZC,2X,ABZ,C,tN2,median_wormlength_um,-100.75901525303107,-0.7580214716232956,DMSO
p11,D,4,20201125,ABZC,2X,ABZ,C,tbb1del,median_wormlength_um,-140.4405172350322,-1.0565499005989292,DMSO
p11,D,5,20201125,ABZC,2X,ABZ,C,ben1tbb1del,median_wormlength_um,90.07589676416535,0.6776511625435605,DMSO
p11,D,6,20201125,ABZC,2X,ABZ,C,b1del,median_wormlength_um,116.55284147499322,0.8768402132045796,DMSO
p11,D,9,20201125,ABZC,2X,ABZ,C,tN2,median_wormlength_um,-73.35837164539419,-0.5518833296542913,DMSO
p11,D,10,20201125,ABZC,2X,ABZ,C,tbb1del,median_wormlength_um,-169.0340658464911,-1.2716624018769558,DMSO
p11,D,11,20201125,ABZC,2X,ABZ,C,ben1tbb1del,median_wormlength_um,139.9481654795784,1.0528458826379754,DMSO
p11,E,3,20201125,ABZC,2X,ABZ,C,tN2,median_wormlength_um,-101.17945319871501,-0.761184473857024,DMSO
p11,E,5,20201125,ABZC,2X,ABZ,C,ben1tbb1del,median_wormlength_um,128.5254905913289,0.966911807092265,DMSO
p11,E,6,20201125,ABZC,2X,ABZ,C,b1del,median_wormlength_um,121.31030190731906,0.9126311262960288,DMSO
p11,E,9,20201125,ABZC,2X,ABZ,C,tN2,median_wormlength_um,-60.973417251127785,-0.45870991651251475,DMSO
p11,E,10,20201125,ABZC,2X,ABZ,C,tbb1del,median_wormlength_um,-133.73157240785565,-1.0060777496140785,DMSO
p11,E,11,20201125,ABZC,2X,ABZ,C,ben1tbb1del,median_wormlength_um,127.5919306009904,0.9598885296619736,DMSO
p11,E,12,20201125,ABZC,2X,ABZ,C,b1del,median_wormlength_um,95.42297382768754,0.7178778282607241,DMSO
p11,F,3,20201125,ABZC,2X,ABZ,C,tN2,median_wormlength_um,-81.94341184747793,-0.6164695584059953,DMSO
p11,F,4,20201125,ABZC,2X,ABZ,C,tbb1del,median_wormlength_um,-156.37834923787318,-1.1764520139625765,DMSO
p11,F,5,20201125,ABZC,2X,ABZ,C,ben1tbb1del,median_wormlength_um,84.28178965846337,0.6340614392421005,DMSO
p11,F,6,20201125,ABZC,2X,ABZ,C,b1del,median_wormlength_um,195.04492237307306,1.4673450183946786,DMSO
p11,F,9,20201125,ABZC,2X,ABZ,C,tN2,median_wormlength_um,-58.47890288229303,-0.4399434026864212,DMSO
p11,F,10,20201125,ABZC,2X,ABZ,C,tbb1del,median_wormlength_um,-215.38360461906086,-1.6203552260497036,DMSO
p11,F,11,20201125,ABZC,2X,ABZ,C,ben1tbb1del,median_wormlength_um,92.86264438797843,0.6986161802101258,DMSO
p11,F,12,20201125,ABZC,2X,ABZ,C,b1del,median_wormlength_um,166.40648332194758,1.251894801260136,DMSO
p11,G,3,20201125,ABZC,2X,ABZ,C,tN2,median_wormlength_um,-81.63643037034888,-0.6141601020216697,DMSO
p11,G,4,20201125,ABZC,2X,ABZ,C,tbb1del,median_wormlength_um,-172.72514119918742,-1.2994307793635467,DMSO
p11,G,5,20201125,ABZC,2X,ABZ,C,ben1tbb1del,median_wormlength_um,107.62993546679422,0.8097121817673342,DMSO
p11,G,9,20201125,ABZC,2X,ABZ,C,tN2,median_wormlength_um,-67.32537036406848,-0.5064963784411275,DMSO
p11,G,10,20201125,ABZC,2X,ABZ,C,tbb1del,median_wormlength_um,-161.9537782761961,-1.2183965974219078,DMSO
p11,G,11,20201125,ABZC,2X,ABZ,C,ben1tbb1del,median_wormlength_um,133.92829540039907,1.007557718944223,DMSO
p11,G,12,20201125,ABZC,2X,ABZ,C,b1del,median_wormlength_um,117.84103885990544,0.8865314678779233,DMSO
p11,H,3,20201125,ABZC,2X,ABZ,C,tN2,median_wormlength_um,-56.17171447509156,-0.4225861632637537,DMSO
p11,H,4,20201125,ABZC,2X,ABZ,C,tbb1del,median_wormlength_um,-175.33739210718477,-1.3190830384944723,DMSO
p11,H,5,20201125,ABZC,2X,ABZ,C,ben1tbb1del,median_wormlength_um,134.15995111074278,1.0093004910626653,DMSO
p11,H,6,20201125,ABZC,2X,ABZ,C,b1del,median_wormlength_um,133.39017923668212,1.003509410162119,DMSO
p11,H,9,20201125,ABZC,2X,ABZ,C,tN2,median_wormlength_um,-86.63012912073441,-0.6517282627078848,DMSO
p11,H,10,20201125,ABZC,2X,ABZ,C,tbb1del,median_wormlength_um,-162.732883356731,-1.2242578930907189,DMSO
p11,H,11,20201125,ABZC,2X,ABZ,C,ben1tbb1del,median_wormlength_um,104.20225285628078,0.7839253376804393,DMSO
p12,A,3,20201125,ABZC,2X,ABZ,C,tN2,median_wormlength_um,-68.62835730478866,-0.5162988966161048,DMSO
p12,A,4,20201125,ABZC,2X,ABZ,C,tbb1del,median_wormlength_um,-223.40295431083365,-1.680685701090115,DMSO
p12,A,5,20201125,ABZC,2X,ABZ,C,ben1tbb1del,median_wormlength_um,122.93844473899844,0.9248798290268289,DMSO
p12,A,6,20201125,ABZC,2X,ABZ,C,b1del,median_wormlength_um,141.5240187383812,1.0647012049959828,DMSO
p12,A,9,20201125,ABZC,2X,ABZ,C,tN2,median_wormlength_um,-71.71932080524084,-0.5395525647416096,DMSO
p12,A,10,20201125,ABZC,2X,ABZ,C,tbb1del,median_wormlength_um,-155.2576578866358,-1.1680209261322008,DMSO
p12,A,11,20201125,ABZC,2X,ABZ,C,ben1tbb1del,median_wormlength_um,77.99807450518529,0.5867883392044722,DMSO
p12,A,12,20201125,ABZC,2X,ABZ,C,b1del,median_wormlength_um,162.67303195229567,1.2238076242035658,DMSO
p12,B,3,20201125,ABZC,2X,ABZ,C,tN2,median_wormlength_um,-94.7438812528477,-0.7127689379876698,DMSO
p12,B,4,20201125,ABZC,2X,ABZ,C,tbb1del,median_wormlength_um,-148.91609685279627,-1.120312644990426,DMSO
p12,B,5,20201125,ABZC,2X,ABZ,C,ben1tbb1del,median_wormlength_um,106.3357675277498,0.7999760099397455,DMSO
p12,B,9,20201125,ABZC,2X,ABZ,C,tN2,median_wormlength_um,-60.67666209440131,-0.45647739389358377,DMSO
p12,B,10,20201125,ABZC,2X,ABZ,C,tbb1del,median_wormlength_um,-143.29339924760222,-1.0780124547545575,DMSO
p12,B,11,20201125,ABZC,2X,ABZ,C,ben1tbb1del,median_wormlength_um,100.3150450900174,0.7546814338561626,DMSO
p12,B,12,20201125,ABZC,2X,ABZ,C,b1del,median_wormlength_um,152.4392498913396,1.1468177239089155,DMSO
p12,C,3,20201125,ABZC,2X,ABZ,C,tN2,median_wormlength_um,-106.76163189040449,-0.8031798357222878,DMSO
p12,C,4,20201125,ABZC,2X,ABZ,C,tbb1del,median_wormlength_um,-180.84823335673104,-1.3605417207113746,DMSO
p12,C,5,20201125,ABZC,2X,ABZ,C,ben1tbb1del,median_wormlength_um,108.24371838442312,0.8143297401000542,DMSO
p12,C,6,20201125,ABZC,2X,ABZ,C,b1del,median_wormlength_um,159.10509479909365,1.196965629323626,DMSO
p12,C,9,20201125,ABZC,2X,ABZ,C,tN2,median_wormlength_um,-58.56379058333778,-0.44058202246557515,DMSO
p12,C,10,20201125,ABZC,2X,ABZ,C,tbb1del,median_wormlength_um,-129.90876346506366,-0.9773183254248596,DMSO
p12,C,11,20201125,ABZC,2X,ABZ,C,ben1tbb1del,median_wormlength_um,73.99286251063813,0.5566566762198184,DMSO
p12,C,12,20201125,ABZC,2X,ABZ,C,b1del,median_wormlength_um,170.52188695663767,1.282855448420667,DMSO
p12,D,3,20201125,ABZC,2X,ABZ,C,tN2,median_wormlength_um,-79.00946743762813,-0.5943971626642317,DMSO
p12,D,4,20201125,ABZC,2X,ABZ,C,tbb1del,median_wormlength_um,-146.50556942147387,-1.1021779743975197,DMSO
p12,D,6,20201125,ABZC,2X,ABZ,C,b1del,median_wormlength_um,146.85898762879185,1.1048367795569096,DMSO
p12,D,9,20201125,ABZC,2X,ABZ,C,tN2,median_wormlength_um,-61.80688125284826,-0.46498016049557306,DMSO
p12,D,10,20201125,ABZC,2X,ABZ,C,tbb1del,median_wormlength_um,-136.76279562168293,-1.028881984804288,DMSO
p12,D,11,20201125,ABZC,2X,ABZ,C,ben1tbb1del,median_wormlength_um,111.12068638356288,0.8359734958577352,DMSO
p12,D,12,20201125,ABZC,2X,ABZ,C,b1del,median_wormlength_um,164.8707911644044,1.2403416154107318,DMSO
p12,E,3,20201125,ABZC,2X,ABZ,C,tN2,median_wormlength_um,-62.27503335673077,-0.4685021217398091,DMSO
p12,E,4,20201125,ABZC,2X,ABZ,C,tbb1del,median_wormlength_um,-144.2425304401745,-1.0851528761009797,DMSO
p12,E,5,20201125,ABZC,2X,ABZ,C,ben1tbb1del,median_wormlength_um,118.72471279384865,0.8931794468618448,DMSO
p12,E,6,20201125,ABZC,2X,ABZ,C,b1del,median_wormlength_um,172.89469328678751,1.3007063389016866,DMSO
p12,E,9,20201125,ABZC,2X,ABZ,C,tN2,median_wormlength_um,-93.61366209440087,-0.7042661713856814,DMSO
p12,E,10,20201125,ABZC,2X,ABZ,C,tbb1del,median_wormlength_um,-157.52985911774908,-1.185114953070708,DMSO
p12,E,11,20201125,ABZC,2X,ABZ,C,ben1tbb1del,median_wormlength_um,110.904253429356,0.8343452462560129,DMSO
p12,E,12,20201125,ABZC,2X,ABZ,C,b1del,median_wormlength_um,186.72203253414284,1.40473097648467,DMSO
p12,F,3,20201125,ABZC,2X,ABZ,C,tN2,median_wormlength_um,-73.49862618808186,-0.5529384804473293,DMSO
p12,F,4,20201125,ABZC,2X,ABZ,C,tbb1del,median_wormlength_um,-171.91936657897463,-1.2933688457303474,DMSO
p12,F,5,20201125,ABZC,2X,ABZ,C,ben1tbb1del,median_wormlength_um,78.74565999669892,0.5924125094389499,DMSO
p12,F,6,20201125,ABZC,2X,ABZ,C,b1del,median_wormlength_um,168.19876953495816,1.2653783732198725,DMSO
p12,F,9,20201125,ABZC,2X,ABZ,C,tN2,median_wormlength_um,-53.3302375644962,-0.401209410980654,DMSO
p12,F,10,20201125,ABZC,2X,ABZ,C,tbb1del,median_wormlength_um,-163.92334416706706,-1.23321386445561,DMSO
p12,F,11,20201125,ABZC,2X,ABZ,C,ben1tbb1del,median_wormlength_um,126.4707275921453,0.9514535925735261,DMSO
p12,F,12,20201125,ABZC,2X,ABZ,C,b1del,median_wormlength_um,184.65550916792904,1.3891842873941949,DMSO
p12,G,3,20201125,ABZC,2X,ABZ,C,tN2,median_wormlength_um,-65.23769982944782,-0.4907905968101371,DMSO
p12,G,4,20201125,ABZC,2X,ABZ,C,tbb1del,median_wormlength_um,-125.75441782858832,-0.9460647131790002,DMSO
p12,G,5,20201125,ABZC,2X,ABZ,C,ben1tbb1del,median_wormlength_um,119.25103210692987,0.8971390066019207,DMSO
p12,G,9,20201125,ABZC,2X,ABZ,C,tN2,median_wormlength_um,-43.1749004112944,-0.3248096606022957,DMSO
p12,G,10,20201125,ABZC,2X,ABZ,C,tbb1del,median_wormlength_um,-139.76562319566062,-1.0514725963832268,DMSO
p12,G,11,20201125,ABZC,2X,ABZ,C,ben1tbb1del,median_wormlength_um,98.49435814277535,0.7409841999595438,DMSO
p12,G,12,20201125,ABZC,2X,ABZ,C,b1del,median_wormlength_um,192.3564930535556,1.4471196604550618,DMSO
p12,H,3,20201125,ABZC,2X,ABZ,C,tN2,median_wormlength_um,-58.94814383843311,-0.4434735554893837,DMSO
p12,H,4,20201125,ABZC,2X,ABZ,C,tbb1del,median_wormlength_um,-190.3982998294485,-1.4323879512801256,DMSO
p12,H,5,20201125,ABZC,2X,ABZ,C,ben1tbb1del,median_wormlength_um,107.43013778540751,0.8082090812051528,DMSO
p12,H,6,20201125,ABZC,2X,ABZ,C,b1del,median_wormlength_um,199.2714813030284,1.4991418994175998,DMSO
p12,H,10,20201125,ABZC,2X,ABZ,C,tbb1del,median_wormlength_um,-149.50960461906072,-1.1247776710655006,DMSO
p12,H,11,20201125,ABZC,2X,ABZ,C,ben1tbb1del,median_wormlength_um,101.08115997423533,0.7604450028083702,DMSO
p12,H,12,20201125,ABZC,2X,ABZ,C,b1del,median_wormlength_um,151.9359499470503,1.1430313414846724,DMSO
